-- phpMyAdmin SQL Dump
-- version 4.9.5
-- https://www.phpmyadmin.net/
--
-- Host: localhost:3306
-- Generation Time: Mar 19, 2021 at 05:05 AM
-- Server version: 5.7.33
-- PHP Version: 7.3.26

SET SQL_MODE = "NO_AUTO_VALUE_ON_ZERO";
SET AUTOCOMMIT = 0;
START TRANSACTION;
SET time_zone = "+00:00";


/*!40101 SET @OLD_CHARACTER_SET_CLIENT=@@CHARACTER_SET_CLIENT */;
/*!40101 SET @OLD_CHARACTER_SET_RESULTS=@@CHARACTER_SET_RESULTS */;
/*!40101 SET @OLD_COLLATION_CONNECTION=@@COLLATION_CONNECTION */;
/*!40101 SET NAMES utf8mb4 */;

--
-- Database: `ahavasdo_book_my_sell`
--

-- --------------------------------------------------------

--
-- Table structure for table `orderitem_image`
--

CREATE TABLE `orderitem_image` (
  `img_id` int(11) NOT NULL,
  `img_name` varchar(55) NOT NULL,
  `product_id` int(11) NOT NULL,
  `created_date` datetime NOT NULL DEFAULT CURRENT_TIMESTAMP,
  `updated_date` datetime NOT NULL DEFAULT CURRENT_TIMESTAMP ON UPDATE CURRENT_TIMESTAMP
) ENGINE=InnoDB DEFAULT CHARSET=utf8mb4;

--
-- Dumping data for table `orderitem_image`
--

INSERT INTO `orderitem_image` (`img_id`, `img_name`, `product_id`, `created_date`, `updated_date`) VALUES
(5, 'f854a0a8a7100e1f084e7c21c462985b.jpg', 135, '2021-03-18 05:37:39', '2021-03-18 05:37:39'),
(6, 'd474f33e2445d5b9673c2ead6d07a761.jpg', 135, '2021-03-18 05:37:39', '2021-03-18 05:37:39'),
(7, '94a28072fb9c83ad13dc1d068dc29082.jpg', 135, '2021-03-18 05:37:39', '2021-03-18 05:37:39'),
(8, '0dd0066c33241e68f6b5aad9501b8bc0.jpg', 135, '2021-03-18 05:37:39', '2021-03-18 05:37:39'),
(9, '2aefd4699fa21f54cbe8acac85484adb.jpg', 135, '2021-03-18 05:37:39', '2021-03-18 05:37:39'),
(10, '48ff19368b4a6b5c519353c12c3ed886.jpg', 135, '2021-03-18 05:37:39', '2021-03-18 05:37:39'),
(11, '757836cdcb8b86b3ce76ca4a614b98dd.jpg', 135, '2021-03-18 05:37:39', '2021-03-18 05:37:39'),
(12, 'eb0c5e4490e8d424e634e21168f80258.jpg', 135, '2021-03-18 05:37:39', '2021-03-18 05:37:39'),
(13, '7468ad3689768f92f842207ed7689396.jpg', 135, '2021-03-18 05:37:45', '2021-03-18 05:37:45'),
(14, '769785d5fafad94f323daa1a6ab07a12.jpg', 135, '2021-03-18 05:37:45', '2021-03-18 05:37:45'),
(15, 'aa3efab4d4d2743d8d2a7ec9067da18f.jpg', 135, '2021-03-18 05:37:45', '2021-03-18 05:37:45'),
(21, '27993bf20625f600f6a0f1fc162ab603.jpg', 138, '2021-03-18 05:38:12', '2021-03-18 05:38:12'),
(22, '86435574dd477d8afc79769b4760ee73.jpg', 138, '2021-03-18 05:38:12', '2021-03-18 05:38:12'),
(23, '4abe10d030372f98620501e11191dbf8.jpg', 138, '2021-03-18 05:38:12', '2021-03-18 05:38:12'),
(24, 'f1f9e7a1eef360e57b1f9fde9fc9f5af.jpg', 138, '2021-03-18 05:38:12', '2021-03-18 05:38:12'),
(25, '4d691517352109be26f93301023b3947.jpg', 138, '2021-03-18 05:38:12', '2021-03-18 05:38:12'),
(26, '00948f718106bdc62af13667f8ca6779.jpg', 138, '2021-03-18 05:38:12', '2021-03-18 05:38:12'),
(27, '784d14201e4693655f4fd0e322308a96.jpg', 138, '2021-03-18 05:38:12', '2021-03-18 05:38:12'),
(28, '616bfd78f573723794c312ce75b68746.jpg', 138, '2021-03-18 05:38:12', '2021-03-18 05:38:12'),
(29, 'b508445056de27c8d73848b98b69b722.jpg', 138, '2021-03-18 05:38:12', '2021-03-18 05:38:12'),
(30, '6cfc3e5ad08b14c3da474bb9296f0063.jpg', 138, '2021-03-18 05:38:12', '2021-03-18 05:38:12'),
(31, '07165f18be93a5cead9630fbbf2239d3.jpg', 156, '2021-03-18 05:47:52', '2021-03-18 05:47:52'),
(32, 'ac8896637a35ee531e4ac41d3aac23ab.jpg', 156, '2021-03-18 05:47:52', '2021-03-18 05:47:52'),
(33, '668a46d744c69458101280e0b131cfde.jpg', 156, '2021-03-18 05:47:52', '2021-03-18 05:47:52'),
(34, '63e04f584c227b2b417bbeec733d8339.jpg', 156, '2021-03-18 05:47:52', '2021-03-18 05:47:52'),
(35, 'd8eb6d8bfc5e2be20a5eab6014c18c3a.jpg', 156, '2021-03-18 05:47:52', '2021-03-18 05:47:52'),
(36, 'bb8f5d4d3e0cf812159eead31ae64eec.jpg', 156, '2021-03-18 05:47:52', '2021-03-18 05:47:52'),
(37, '4739a848bf683cae6c0b8bd4288b96bf.jpg', 157, '2021-03-18 05:49:08', '2021-03-18 05:49:08'),
(38, 'c73e795994351ae0304c46f5d01e2650.jpg', 157, '2021-03-18 05:49:08', '2021-03-18 05:49:08'),
(39, '95c6509b5283176816219cf55fefe544.jpg', 157, '2021-03-18 05:49:08', '2021-03-18 05:49:08'),
(40, '4c6617ddd09fd41d67dcf8a588368f6a.jpg', 157, '2021-03-18 05:49:08', '2021-03-18 05:49:08'),
(41, 'c830f2765e74a179fd4ede98cf4a6e2a.jpg', 157, '2021-03-18 05:49:08', '2021-03-18 05:49:08'),
(42, 'c8fa99e1abfcfde7f3d468fb91513c67.jpg', 157, '2021-03-18 05:49:08', '2021-03-18 05:49:08'),
(43, 'd150731ff09f3401a35e158dbec49fbf.jpg', 157, '2021-03-18 05:49:08', '2021-03-18 05:49:08'),
(44, '7608b64d98c1c844025ebefe9c8bbf8b.jpg', 157, '2021-03-18 05:49:08', '2021-03-18 05:49:08'),
(45, 'a2fbd5cbf1135f9d544f321e5b31380c.jpg', 158, '2021-03-18 05:49:35', '2021-03-18 05:49:35'),
(46, '20a0655e0cf1dd7bdbbc29b2b5282d16.jpg', 158, '2021-03-18 05:49:35', '2021-03-18 05:49:35'),
(47, 'fc39abb8c26b7384ca174e8046d838f9.jpg', 158, '2021-03-18 05:49:35', '2021-03-18 05:49:35'),
(48, '62fdbe3c85cf8b28a7ecdb08002ca42d.jpg', 158, '2021-03-18 05:49:35', '2021-03-18 05:49:35'),
(49, 'f1b9b2e0b8bb8cf26f6d33749ba48fab.jpg', 158, '2021-03-18 05:49:35', '2021-03-18 05:49:35'),
(50, '2263eb4e0bc34f62676e6c5f3e7c316e.jpg', 158, '2021-03-18 05:49:35', '2021-03-18 05:49:35'),
(51, 'c3f54268aefd2e1cf8b8e99b8188aa37.jpg', 158, '2021-03-18 05:49:35', '2021-03-18 05:49:35'),
(52, '67463d3525004eb8add9f0b24de7c9a7.jpg', 158, '2021-03-18 05:49:35', '2021-03-18 05:49:35'),
(53, '65609603486c257aced94f8223413f26.jpg', 158, '2021-03-18 05:49:35', '2021-03-18 05:49:35'),
(54, '7853d17cd515764549971da039968e33.jpg', 159, '2021-03-18 05:50:08', '2021-03-18 05:50:08'),
(55, '9e67d3dc3152ac090620ae4d524a245d.jpg', 159, '2021-03-18 05:50:08', '2021-03-18 05:50:08'),
(56, '7307a0bc249053cd743b37e263286a5d.jpg', 159, '2021-03-18 05:50:08', '2021-03-18 05:50:08'),
(60, '63b76dd5e8fb122804fda455583bc1ea.jpg', 174, '2021-03-18 06:22:25', '2021-03-18 06:22:25'),
(61, '35a58f709329cff1efeba6f8ad1e3409.jpg', 174, '2021-03-18 06:22:25', '2021-03-18 06:22:25'),
(62, '2f1e50440a57a290f38e4a007545f127.jpg', 174, '2021-03-18 06:22:25', '2021-03-18 06:22:25'),
(63, 'f4e14aa6b3870af30ef1f39fa03535ea.jpg', 174, '2021-03-18 06:22:25', '2021-03-18 06:22:25'),
(67, '776b5ddb9e7dcd14af08a11ef65af274.jpg', 174, '2021-03-18 06:25:50', '2021-03-18 06:25:50'),
(68, 'dad38e9d4c11f5cfdf917440b1853f21.jpg', 174, '2021-03-18 06:25:50', '2021-03-18 06:25:50'),
(69, 'cc81779bd78bc2ca9b6f68e07490dff8.jpg', 166, '2021-03-18 06:26:16', '2021-03-18 06:26:16'),
(70, '763b01f20cb3ac031582534436b51260.jpg', 166, '2021-03-18 06:26:16', '2021-03-18 06:26:16'),
(71, 'b437f14eaff69fca5498cc583915519f.jpg', 166, '2021-03-18 06:26:16', '2021-03-18 06:26:16'),
(72, '0e90c23af95b8119a38bc347f135df73.jpg', 166, '2021-03-18 06:26:16', '2021-03-18 06:26:16'),
(73, 'ca091305c46cd90a8caf7f20637c4b62.jpg', 167, '2021-03-18 06:26:41', '2021-03-18 06:26:41'),
(74, '34a948a665db0a9f66b496304360a242.jpg', 167, '2021-03-18 06:26:41', '2021-03-18 06:26:41'),
(75, '4932ebbeb882b353974099f54ff8c9d1.jpg', 167, '2021-03-18 06:26:41', '2021-03-18 06:26:41'),
(76, '80de985f7d621cbe3477767f2185024e.jpg', 167, '2021-03-18 06:26:41', '2021-03-18 06:26:41'),
(77, '5ce1ae6daca89f45296d2334fdf7d0c5.jpg', 167, '2021-03-18 06:26:41', '2021-03-18 06:26:41'),
(78, '0067092df2dcc3b17cc2ddf580f3c360.jpg', 167, '2021-03-18 06:26:41', '2021-03-18 06:26:41'),
(79, 'e6362ac5d977a09e8fe581209ad782e5.jpg', 177, '2021-03-18 06:28:11', '2021-03-18 06:28:11'),
(80, 'abb2b73747067b552f64e97f37f3ea56.jpg', 177, '2021-03-18 06:28:11', '2021-03-18 06:28:11'),
(81, 'f7402d1e2d1f38348b52dd71a758ec89.jpg', 177, '2021-03-18 06:28:11', '2021-03-18 06:28:11'),
(82, 'd100412ca46eccbbd1621027fadd9026.jpg', 177, '2021-03-18 06:28:11', '2021-03-18 06:28:11'),
(83, '4f03c151a4bbe0a6abb112cedf345d25.jpg', 177, '2021-03-18 06:28:11', '2021-03-18 06:28:11'),
(84, 'ad6d6ffcd2ec7aba15cee1100f8e51be.jpg', 177, '2021-03-18 06:28:11', '2021-03-18 06:28:11'),
(85, 'db9e755c9bb7d74ca80d925587d83aee.jpg', 177, '2021-03-18 06:28:11', '2021-03-18 06:28:11'),
(86, 'bea3eaa527040f72a21492c9f80a585a.jpg', 178, '2021-03-18 06:28:53', '2021-03-18 06:28:53'),
(87, '540093263d3850cee0de6c9819c589e0.jpg', 178, '2021-03-18 06:28:53', '2021-03-18 06:28:53'),
(88, 'e39544e65a1a69a6262e693a741e0203.jpg', 178, '2021-03-18 06:28:53', '2021-03-18 06:28:53'),
(89, '27f7967e5a0ce1baecefa9c9fa751f51.jpg', 178, '2021-03-18 06:28:53', '2021-03-18 06:28:53'),
(90, '5238518364858e72e9546fd29b0d0df9.jpg', 178, '2021-03-18 06:28:53', '2021-03-18 06:28:53'),
(91, 'e5ea24f7271b635d4dd4ce77a5137405.jpg', 178, '2021-03-18 06:28:53', '2021-03-18 06:28:53'),
(92, '11bd48b4c9a1289aabd10773659329e6.jpg', 178, '2021-03-18 06:28:53', '2021-03-18 06:28:53'),
(93, 'cf2cf7931909b3753fb566882b22a0f5.jpg', 178, '2021-03-18 06:28:53', '2021-03-18 06:28:53'),
(94, '95f0c7f49fd20ca52810ee2d00dd1d5a.jpg', 178, '2021-03-18 06:28:53', '2021-03-18 06:28:53'),
(95, '963c26a0d6d832c650f9353fe7be6466.jpg', 176, '2021-03-18 06:29:26', '2021-03-18 06:29:26'),
(96, '140af3dfdf3255a2cbd88341f31cf742.jpg', 176, '2021-03-18 06:29:27', '2021-03-18 06:29:27'),
(97, '8d55f702ee8f6faf4d1ca1532572c308.jpg', 176, '2021-03-18 06:29:27', '2021-03-18 06:29:27'),
(98, '728b2fb1f3103d72408bea303bb72470.jpg', 176, '2021-03-18 06:29:27', '2021-03-18 06:29:27'),
(99, 'e29a440343d0ae7ab08ae2e3ae61ec1f.jpg', 176, '2021-03-18 06:29:27', '2021-03-18 06:29:27'),
(100, 'e60f4d725cef5d8ba105eb1e29dc1ac1.jpg', 176, '2021-03-18 06:29:27', '2021-03-18 06:29:27'),
(101, 'c275a8a05b4b65974564532a3093d22f.jpg', 176, '2021-03-18 06:29:27', '2021-03-18 06:29:27'),
(102, 'bb00ac0fa2bac717e52201bd6cc0d78a.jpg', 176, '2021-03-18 06:29:27', '2021-03-18 06:29:27'),
(103, '67d73444a0c9934cb75003990b035112.jpg', 176, '2021-03-18 06:29:27', '2021-03-18 06:29:27'),
(104, '6ce96b823d288c450cda9883af263f1f.jpg', 176, '2021-03-18 06:29:27', '2021-03-18 06:29:27'),
(105, '16e8f0f188d654e6e46f77cc5dec165a.jpg', 183, '2021-03-18 06:38:00', '2021-03-18 06:38:00'),
(106, '02fc35c17864cb42bb4924966be7218c.jpg', 183, '2021-03-18 06:38:00', '2021-03-18 06:38:00'),
(107, '68c7ac7c3a99f4f508152a8b19133794.jpg', 183, '2021-03-18 06:38:00', '2021-03-18 06:38:00'),
(108, '0c02706a273456740cb88a24aa808320.jpg', 183, '2021-03-18 06:38:00', '2021-03-18 06:38:00'),
(109, 'cc8a8d49213224547810aa01483fb3a8.jpg', 183, '2021-03-18 06:38:00', '2021-03-18 06:38:00'),
(110, '5c8080b2f4742105506d6e69dbfd7a77.jpg', 183, '2021-03-18 06:38:00', '2021-03-18 06:38:00'),
(111, '8f13d1814fc4415143b6da40dafbffe6.jpg', 183, '2021-03-18 06:38:00', '2021-03-18 06:38:00'),
(112, 'e4309a38012d515d9051309657fce667.jpg', 183, '2021-03-18 06:38:03', '2021-03-18 06:38:03'),
(113, 'a2d4d02952ffd7cb45691916f11191cf.jpg', 183, '2021-03-18 06:38:03', '2021-03-18 06:38:03'),
(114, '4dc928c696c3ca996b444ed343e50ed9.jpg', 183, '2021-03-18 06:38:03', '2021-03-18 06:38:03'),
(115, 'c3624f940190cee47397cea188b0876c.jpg', 183, '2021-03-18 06:38:03', '2021-03-18 06:38:03'),
(116, 'bfc059a009581ecfc0a6f7a7bb603bbc.jpg', 183, '2021-03-18 06:38:03', '2021-03-18 06:38:03'),
(117, 'fd5a078e27fe13213d40426f2fab4529.jpg', 183, '2021-03-18 06:38:03', '2021-03-18 06:38:03'),
(118, '7914791221fcb8fc4ebf5c68f57a510c.jpg', 183, '2021-03-18 06:38:03', '2021-03-18 06:38:03'),
(119, '195a1c785c5848b458bcf28feb1d7b70.jpg', 183, '2021-03-18 06:38:05', '2021-03-18 06:38:05'),
(120, '49a5b1dd6e0c8666b6295dc4e50b3e6d.jpg', 183, '2021-03-18 06:38:05', '2021-03-18 06:38:05'),
(121, '34e61498cac29e2bab728e24882a07aa.jpg', 183, '2021-03-18 06:38:05', '2021-03-18 06:38:05'),
(122, '8cacfd1284890be00b53770ab1501111.jpg', 183, '2021-03-18 06:38:05', '2021-03-18 06:38:05'),
(123, 'd5fab0315b94557b2c34c799d09acade.jpg', 183, '2021-03-18 06:38:05', '2021-03-18 06:38:05'),
(124, 'c6aa589d766e5ac80c56accf68f64984.jpg', 183, '2021-03-18 06:38:05', '2021-03-18 06:38:05'),
(125, '2ad43ac24649026b0e4378aa1ab84074.jpg', 183, '2021-03-18 06:38:05', '2021-03-18 06:38:05'),
(126, '7013d198814da675aaeb3b2803bf1a43.jpg', 183, '2021-03-18 06:38:07', '2021-03-18 06:38:07'),
(127, 'a9291dbf6183e2d45d1ac33feceed621.jpg', 183, '2021-03-18 06:38:07', '2021-03-18 06:38:07'),
(128, 'ac427a43c71ebbf692dd76e0658936c3.jpg', 183, '2021-03-18 06:38:07', '2021-03-18 06:38:07'),
(129, '759703308a7178a5f85adde0e62fe4db.jpg', 183, '2021-03-18 06:38:07', '2021-03-18 06:38:07'),
(130, 'a85e496c235d0671c5d074d3e83cebf7.jpg', 183, '2021-03-18 06:38:07', '2021-03-18 06:38:07'),
(131, 'cfabae9012c2068153b982e129c9d45d.jpg', 183, '2021-03-18 06:38:07', '2021-03-18 06:38:07'),
(132, '8320c2813aad6c6f0b335a86b937c4c8.jpg', 183, '2021-03-18 06:38:07', '2021-03-18 06:38:07'),
(133, '859f5aeec93da7e6f422379a9e62ad6d.jpg', 183, '2021-03-18 06:38:16', '2021-03-18 06:38:16'),
(134, '03b06d3395916738e05fdc77241f7fd6.jpg', 183, '2021-03-18 06:38:16', '2021-03-18 06:38:16'),
(135, '569a5cb619c66eb880e6ba09dca62b47.jpg', 183, '2021-03-18 06:38:16', '2021-03-18 06:38:16'),
(136, '15df6b8094b4c6f802dffaae064cb32d.jpg', 183, '2021-03-18 06:38:16', '2021-03-18 06:38:16'),
(137, '081bcf0c275e90c9fbad828fc404ab39.jpg', 183, '2021-03-18 06:38:16', '2021-03-18 06:38:16'),
(138, '892afe4ae9ea0c3cb294ea64e00d95eb.jpg', 183, '2021-03-18 06:38:16', '2021-03-18 06:38:16'),
(139, '43e89a5fc1c921bf4822b68498b89dc1.jpg', 183, '2021-03-18 06:38:16', '2021-03-18 06:38:16'),
(140, '7dc61f3045974cef0a630db0015cb306.jpg', 183, '2021-03-18 06:38:18', '2021-03-18 06:38:18'),
(141, '28bf6d206962b8b0cd559b6fc8b92502.jpg', 183, '2021-03-18 06:38:18', '2021-03-18 06:38:18'),
(142, '8091c8e10ada7a665dd4867f31ee5783.jpg', 183, '2021-03-18 06:38:18', '2021-03-18 06:38:18'),
(143, '37f7f7f1ef960e0d4bc37c4250f16314.jpg', 183, '2021-03-18 06:38:18', '2021-03-18 06:38:18'),
(144, '25193ed2f897e42c71a91c7bca9322b3.jpg', 183, '2021-03-18 06:38:18', '2021-03-18 06:38:18'),
(145, 'e75b453f31927ad1c89e018227e01cd1.jpg', 183, '2021-03-18 06:38:18', '2021-03-18 06:38:18'),
(146, 'b9ea24b751bc0474602e636c92804ee9.jpg', 183, '2021-03-18 06:38:18', '2021-03-18 06:38:18'),
(147, 'cccd84314d857aa76b572e5b939df016.jpg', 183, '2021-03-18 06:38:23', '2021-03-18 06:38:23'),
(148, '7f8536d8057e97bbbe64389dd9deffeb.jpg', 183, '2021-03-18 06:38:23', '2021-03-18 06:38:23'),
(149, 'e0f63426e0a34820c382692b1fdf2284.jpg', 183, '2021-03-18 06:38:23', '2021-03-18 06:38:23'),
(150, '65e0b8f51acaff5ddcb55981997761c9.jpg', 183, '2021-03-18 06:38:23', '2021-03-18 06:38:23'),
(151, 'c935dca1ec7059d044b2f9c545bd2f1d.jpg', 183, '2021-03-18 06:38:23', '2021-03-18 06:38:23'),
(152, 'a720ec122a4fcca78d5ce96dafdd24de.jpg', 183, '2021-03-18 06:38:23', '2021-03-18 06:38:23'),
(153, 'a8ddfe3dc5dc3a3d4f8e80e68e1d95b6.jpg', 183, '2021-03-18 06:38:23', '2021-03-18 06:38:23'),
(154, '2d837799128079ecfadc94d3f1ec8d57.jpg', 184, '2021-03-18 06:39:13', '2021-03-18 06:39:13'),
(155, '08fd7fe4fb16e647940a01ecf30fb319.jpg', 184, '2021-03-18 06:39:13', '2021-03-18 06:39:13'),
(156, 'a69685b29e2e025636a8f929c756a949.jpg', 184, '2021-03-18 06:39:13', '2021-03-18 06:39:13'),
(157, '90153e246f6f6353cb49f86bd8ffc13c.jpg', 184, '2021-03-18 06:39:13', '2021-03-18 06:39:13'),
(158, '92b4f386630628f620bc3cf45dc273dd.jpg', 184, '2021-03-18 06:39:13', '2021-03-18 06:39:13'),
(159, '01444dd8b7ed76d1e0cc367aaba1230d.jpg', 184, '2021-03-18 06:39:13', '2021-03-18 06:39:13'),
(160, '3c4501dc46c0bdfb8f0f0cb19b991f9c.jpg', 184, '2021-03-18 06:39:13', '2021-03-18 06:39:13'),
(161, '51bea5d74de6058df25196461b81af0f.jpg', 184, '2021-03-18 06:39:14', '2021-03-18 06:39:14'),
(162, '24c7b84ae37d4375fa2e015648e58df7.jpg', 184, '2021-03-18 06:39:14', '2021-03-18 06:39:14'),
(163, '81bcd2a89c7e35d9a8f6b221a707d1aa.jpg', 184, '2021-03-18 06:39:14', '2021-03-18 06:39:14'),
(164, '8697a18e7196274f1d14e1a23d38c654.jpg', 184, '2021-03-18 06:39:14', '2021-03-18 06:39:14'),
(165, '7314db4ea879b1c073e067676d517fb2.jpg', 184, '2021-03-18 06:39:14', '2021-03-18 06:39:14'),
(166, 'a1c5f93056ae2ddb3f7545228780e1f3.jpg', 184, '2021-03-18 06:39:14', '2021-03-18 06:39:14'),
(167, '59734e645eac85fe522f6c4b24bb5f20.jpg', 184, '2021-03-18 06:39:14', '2021-03-18 06:39:14'),
(168, '0be8597b581db9a9f3992bf06c2948ef.jpg', 184, '2021-03-18 06:39:16', '2021-03-18 06:39:16'),
(169, 'efe98c7a883a9b36f72051a81c174c5f.jpg', 184, '2021-03-18 06:39:16', '2021-03-18 06:39:16'),
(170, '66779edb7cb9015bdd10add6c29e9282.jpg', 184, '2021-03-18 06:39:16', '2021-03-18 06:39:16'),
(171, '4ca45542e8d21c2e420fc9e402ed0272.jpg', 184, '2021-03-18 06:39:16', '2021-03-18 06:39:16'),
(172, '044b42140952fe5785bcd7cc7256bcd2.jpg', 184, '2021-03-18 06:39:16', '2021-03-18 06:39:16'),
(173, 'dfb4883f8d810b9e978882682135d080.jpg', 184, '2021-03-18 06:39:16', '2021-03-18 06:39:16'),
(174, '5d3574948b0ce1c4bf59d3b60139ee03.jpg', 184, '2021-03-18 06:39:16', '2021-03-18 06:39:16'),
(175, '8031d748711362452076edf59a3a3f00.jpg', 184, '2021-03-18 06:39:27', '2021-03-18 06:39:27'),
(176, '30e4ef804d4d0b319c69ecb1e79a769d.jpg', 184, '2021-03-18 06:39:27', '2021-03-18 06:39:27'),
(177, '9f9be982e0ea6aba9b12e4b55730b339.jpg', 184, '2021-03-18 06:39:27', '2021-03-18 06:39:27'),
(178, '7422c645c5e3f3d655e0924d0905ef7b.jpg', 184, '2021-03-18 06:39:27', '2021-03-18 06:39:27'),
(179, 'dd695c189156c66584877dfcb01f98c5.jpg', 184, '2021-03-18 06:39:27', '2021-03-18 06:39:27'),
(180, 'ff88b9bbb61c697a13aeef0a90e5ea43.jpg', 184, '2021-03-18 06:39:27', '2021-03-18 06:39:27'),
(181, '43f0e2ef0888c53953ab310e5553f90e.jpg', 184, '2021-03-18 06:39:27', '2021-03-18 06:39:27'),
(182, 'eee17b92e8b0c39942ee617c596a9a3b.jpg', 184, '2021-03-18 06:39:38', '2021-03-18 06:39:38'),
(183, '8246d6f012e976f5f1c32440c81be040.jpg', 184, '2021-03-18 06:39:38', '2021-03-18 06:39:38'),
(184, 'b720795284181784a20ecfbb02851a88.jpg', 184, '2021-03-18 06:39:38', '2021-03-18 06:39:38'),
(185, '68591c360aca261d0e23c68be8f63571.jpg', 184, '2021-03-18 06:39:38', '2021-03-18 06:39:38'),
(186, 'b6e82f3fc5e8d080b53b745910ac8142.jpg', 184, '2021-03-18 06:39:38', '2021-03-18 06:39:38'),
(187, '2549745faeed8f517a72860e0aa78568.jpg', 184, '2021-03-18 06:39:38', '2021-03-18 06:39:38'),
(188, '48c0644f8b51dfbf88525e21039a0a38.jpg', 184, '2021-03-18 06:39:38', '2021-03-18 06:39:38'),
(189, 'd9d86f0670d93cc46f78e544ef19394a.jpg', 187, '2021-03-18 06:42:50', '2021-03-18 06:42:50'),
(190, 'd47a48230e5bd17a46790f69eccca08b.jpg', 187, '2021-03-18 06:42:50', '2021-03-18 06:42:50'),
(191, 'd5400b36ac91cfb802907bdb6ebb6f76.jpg', 187, '2021-03-18 06:42:50', '2021-03-18 06:42:50'),
(192, 'e01328f78bc92a114bb0fd56c7fa1128.jpg', 187, '2021-03-18 06:42:50', '2021-03-18 06:42:50'),
(193, '45afd30505c9d0b199fd145afb3c0a29.jpg', 187, '2021-03-18 06:42:50', '2021-03-18 06:42:50'),
(194, 'dda140a32150070c6e8e6fdcbdecd11c.jpg', 187, '2021-03-18 06:42:50', '2021-03-18 06:42:50'),
(195, 'f64a6106326ced1e4c332ab8216988ae.jpg', 187, '2021-03-18 06:42:50', '2021-03-18 06:42:50'),
(196, '775e4b6766afb7ba26e98d12bb4a8907.jpg', 187, '2021-03-18 06:42:50', '2021-03-18 06:42:50'),
(197, '3dec42fd210fdd0592370934ead19e68.jpg', 187, '2021-03-18 06:42:50', '2021-03-18 06:42:50'),
(211, '32d34163080c2fce2e938bd86a9d35e7.jpg', 199, '2021-03-18 07:16:34', '2021-03-18 07:16:34'),
(212, 'e0fa42773a1b21dc6ea35e30407f57a5.jpg', 199, '2021-03-18 07:16:34', '2021-03-18 07:16:34'),
(213, '7ee3fd59f60628f1afd5f576deb2ccb2.jpg', 199, '2021-03-18 07:16:34', '2021-03-18 07:16:34'),
(214, '755d43814e127d019652f0ec194feddd.jpg', 199, '2021-03-18 07:16:34', '2021-03-18 07:16:34'),
(215, '84b21f06ac84f500b50c447766e13984.jpg', 202, '2021-03-18 07:19:00', '2021-03-18 07:19:00'),
(216, 'c93f9b571f6f9293caf8832446fb3c81.jpg', 202, '2021-03-18 07:19:00', '2021-03-18 07:19:00'),
(217, '585e5e341e028970deb95b7ac5fb0cab.jpg', 202, '2021-03-18 07:19:00', '2021-03-18 07:19:00'),
(218, 'e445b772a6f555387aea020f6f502802.jpg', 202, '2021-03-18 07:19:00', '2021-03-18 07:19:00'),
(219, '4d5d54460de102557a47805d703d25a4.jpg', 202, '2021-03-18 07:19:00', '2021-03-18 07:19:00'),
(220, '115dfef2cc65aebf3ac088776c43b429.jpg', 202, '2021-03-18 07:19:00', '2021-03-18 07:19:00'),
(221, '31468442812ef8a2633b7f5e33b0c270.jpg', 214, '2021-03-18 08:44:54', '2021-03-18 08:44:54'),
(222, 'f9c7e49723d51720caeb79160d00a762.jpg', 214, '2021-03-18 08:44:54', '2021-03-18 08:44:54'),
(223, '003739f11508a810339928febae992b8.jpg', 214, '2021-03-18 08:44:54', '2021-03-18 08:44:54'),
(224, '6b90082b496af64a779cf6b51c74e856.jpg', 214, '2021-03-18 08:44:54', '2021-03-18 08:44:54'),
(225, 'f1ee037b529fef971f6e62d96e2cc8cf.jpg', 216, '2021-03-18 08:47:27', '2021-03-18 08:47:27'),
(226, '31c226b87fc9b93d9ca031a416d64d52.jpg', 216, '2021-03-18 08:47:27', '2021-03-18 08:47:27'),
(227, '64f4fec374b407b7504cecea2e46d6df.jpg', 216, '2021-03-18 08:47:27', '2021-03-18 08:47:27'),
(228, '3ffe4f6a67a0c2c5fb554a29bc2cdd4c.jpg', 216, '2021-03-18 08:47:27', '2021-03-18 08:47:27'),
(229, '70e892a14666cfb691cbdfbb68b25f36.jpg', 216, '2021-03-18 08:47:27', '2021-03-18 08:47:27'),
(230, '9dd1291580540f8350fff799cb62ec0d.jpg', 217, '2021-03-18 08:47:57', '2021-03-18 08:47:57'),
(231, '626d694f2f3daf340844da5948c51c76.jpg', 217, '2021-03-18 08:47:57', '2021-03-18 08:47:57'),
(232, '3e1ffde6822d6f4a2bce34b06d0d372e.jpg', 217, '2021-03-18 08:47:57', '2021-03-18 08:47:57'),
(233, '428b7c12b1f5313f082e2d88458ef55a.jpg', 217, '2021-03-18 08:47:57', '2021-03-18 08:47:57'),
(234, 'cf22da6bd59e8f108157dfbf6318ae82.jpg', 217, '2021-03-18 08:47:57', '2021-03-18 08:47:57'),
(235, '3de99e76ba7bde483c84b9f96df6fc18.jpg', 219, '2021-03-18 08:50:59', '2021-03-18 08:50:59'),
(236, 'ba2cfba1e9da4bfcaa67284059ac9f29.jpg', 219, '2021-03-18 08:50:59', '2021-03-18 08:50:59'),
(237, 'de4031533a82341131d3e9f79b853920.jpg', 219, '2021-03-18 08:50:59', '2021-03-18 08:50:59'),
(238, '428a94ba1002f56de5b436f87034422e.jpg', 223, '2021-03-18 08:52:37', '2021-03-18 08:52:37'),
(239, 'd437369849a4c0273121e08ab00c6a67.jpg', 223, '2021-03-18 08:52:37', '2021-03-18 08:52:37'),
(240, '9d43f4d76466218c2d74b3401caee798.jpg', 223, '2021-03-18 08:52:37', '2021-03-18 08:52:37'),
(241, 'c736d899266616f8567a2741a6e73750.jpg', 223, '2021-03-18 08:52:37', '2021-03-18 08:52:37'),
(242, 'a12586627ecff825dad295a6a8415131.jpg', 223, '2021-03-18 08:52:37', '2021-03-18 08:52:37'),
(243, 'a7cb88f9a540ae97c4dd261f86b7bb7d.jpg', 240, '2021-03-18 09:08:18', '2021-03-18 09:08:18'),
(244, '0f639d7ef36c23119f8d18177898f4f0.jpg', 240, '2021-03-18 09:08:18', '2021-03-18 09:08:18'),
(245, '681843c3804d495984fe99f2a027156b.jpg', 240, '2021-03-18 09:08:18', '2021-03-18 09:08:18'),
(246, '9d565b69bad22dfe284bc1451f9d93b1.jpg', 240, '2021-03-18 09:08:18', '2021-03-18 09:08:18'),
(247, 'b56738542131daccf33deb38125a24cf.jpg', 240, '2021-03-18 09:08:18', '2021-03-18 09:08:18'),
(248, '86230b77087d5284dd1cb7fb9c93091e.jpg', 269, '2021-03-18 09:42:55', '2021-03-18 09:42:55'),
(249, 'da96260c76e20a05a584f3b9dda7bbe0.jpg', 269, '2021-03-18 09:42:55', '2021-03-18 09:42:55'),
(250, 'dc7c14177d450af2543607659cc932c6.jpg', 269, '2021-03-18 09:42:55', '2021-03-18 09:42:55'),
(251, '3195f4d6a036f7828b6a09039c661d86.jpg', 269, '2021-03-18 09:42:55', '2021-03-18 09:42:55'),
(252, '4834990f40feb52ba471bc53eda65ebf.jpg', 269, '2021-03-18 09:42:55', '2021-03-18 09:42:55'),
(273, '65a959ec1a886d53eee8f3d425b12fcd.jpg', 332, '2021-03-18 10:25:48', '2021-03-18 10:25:48'),
(274, '7d40c163a84659d13e59e3395d729394.jpg', 332, '2021-03-18 10:25:48', '2021-03-18 10:25:48'),
(275, 'c152186d971abe436f60fabf7cd79d31.jpg', 332, '2021-03-18 10:25:48', '2021-03-18 10:25:48'),
(276, '458cb16fca08d0d6054d080ac4233d23.jpg', 335, '2021-03-18 10:26:06', '2021-03-18 10:26:06'),
(277, '4587a872823bd4a9feae5d1cb7dfa470.jpg', 335, '2021-03-18 10:26:06', '2021-03-18 10:26:06'),
(278, 'b55fcdc8bbe8b09807d77ffd6be51f6f.jpg', 335, '2021-03-18 10:26:06', '2021-03-18 10:26:06'),
(279, '4a0c5cc4e08a64a11cadb2c5b605ed47.jpg', 335, '2021-03-18 10:26:06', '2021-03-18 10:26:06'),
(280, '52a8c62aafb9aad090682aabaae1725e.jpg', 335, '2021-03-18 10:26:06', '2021-03-18 10:26:06'),
(281, '57f1b954586caa0c8dac53a1987dad88.jpg', 354, '2021-03-18 10:41:17', '2021-03-18 10:41:17'),
(282, 'e2b139479db3730e309427776c08fcf3.jpg', 354, '2021-03-18 10:41:17', '2021-03-18 10:41:17'),
(283, '5abad35fb82d3fabfced0904d183a827.jpg', 354, '2021-03-18 10:41:17', '2021-03-18 10:41:17'),
(284, 'f2e6eaf9d114db6f593a7ea4ebb7d2c4.jpg', 354, '2021-03-18 10:41:17', '2021-03-18 10:41:17'),
(285, '03b5e3f2c13841ab2c95555ea1118202.jpg', 354, '2021-03-18 10:41:17', '2021-03-18 10:41:17'),
(286, 'f865c23d5ee035634cee7a1e233a0357.jpg', 354, '2021-03-18 10:41:17', '2021-03-18 10:41:17'),
(287, 'a7aa0279374aeb0c5c72edefe9f0a0bb.jpg', 354, '2021-03-18 10:41:17', '2021-03-18 10:41:17'),
(288, '1b00208ee8d9337d926a65e8a342a922.jpg', 354, '2021-03-18 10:41:17', '2021-03-18 10:41:17'),
(289, 'd965060c9f17a753888bf48c17777e8b.jpg', 354, '2021-03-18 10:41:17', '2021-03-18 10:41:17'),
(290, '5cbd7d044cbeb665135d1c82336c9ffb.jpg', 354, '2021-03-18 10:41:17', '2021-03-18 10:41:17'),
(291, '0a5661db137a594367cab1741c423fde.jpg', 354, '2021-03-18 10:41:17', '2021-03-18 10:41:17'),
(292, '1deb8fff59c348088ea3e88a38a82fcc.jpg', 354, '2021-03-18 10:41:17', '2021-03-18 10:41:17'),
(293, '08ae6b2f9d156fe10903b5fe8771261c.jpg', 354, '2021-03-18 10:41:17', '2021-03-18 10:41:17'),
(294, '38164f379be4ce95fd43524f5f902295.jpg', 354, '2021-03-18 10:41:17', '2021-03-18 10:41:17'),
(295, 'f21d4abba48f54cac9b44f862f7cd5b7.jpg', 354, '2021-03-18 10:41:17', '2021-03-18 10:41:17'),
(296, '5eb53b1d11c12c9e1c4b36bba40316a1.jpg', 354, '2021-03-18 10:41:17', '2021-03-18 10:41:17'),
(297, 'dc94b6036dafed59f030e36d0d4d4b2f.jpg', 354, '2021-03-18 10:41:17', '2021-03-18 10:41:17'),
(298, 'ddf5800f3e52162e05cf6a51a359277b.jpg', 354, '2021-03-18 10:41:17', '2021-03-18 10:41:17'),
(299, '28ac5ac46d1964b9439976d0c6fcc1d5.jpg', 358, '2021-03-18 10:42:32', '2021-03-18 10:42:32'),
(300, '7abbb50367ec8cfd923641094baaeb04.jpg', 358, '2021-03-18 10:42:32', '2021-03-18 10:42:32'),
(301, '9ef7e5d520e2157aae75380ee2c72e6e.jpg', 358, '2021-03-18 10:42:32', '2021-03-18 10:42:32'),
(302, '22e29c7088abb63d5d76f51800ab05ad.jpg', 358, '2021-03-18 10:42:32', '2021-03-18 10:42:32'),
(303, '4c8b4c1fb7d53df75c83c4ba0efc31fa.jpg', 358, '2021-03-18 10:42:32', '2021-03-18 10:42:32'),
(304, '2736ceab16da8b1af897e5fefc2e4b64.jpg', 358, '2021-03-18 10:42:32', '2021-03-18 10:42:32'),
(305, '300b61fd78f8b10272f8e1f01c0645b3.jpg', 358, '2021-03-18 10:42:32', '2021-03-18 10:42:32'),
(306, '6dab207032466ef9531a8e17cdcba6b4.jpg', 358, '2021-03-18 10:42:32', '2021-03-18 10:42:32'),
(307, 'a39d9b5b85d02be1cda683a185f3d16d.jpg', 358, '2021-03-18 10:42:32', '2021-03-18 10:42:32'),
(308, '12e89d781d760e69e75142730bae5188.jpg', 358, '2021-03-18 10:42:32', '2021-03-18 10:42:32'),
(309, '14684e4d121e215fc53c5ecd35aa9683.jpg', 358, '2021-03-18 10:42:32', '2021-03-18 10:42:32'),
(310, 'e0262e61fccb4fce5fed4910e5132c96.jpg', 358, '2021-03-18 10:42:32', '2021-03-18 10:42:32'),
(311, 'd90a13870d855ea2d3cf50221a795136.jpg', 358, '2021-03-18 10:42:32', '2021-03-18 10:42:32'),
(312, '9473119624e6d9033cfdaa577a0b9f8f.jpg', 358, '2021-03-18 10:42:32', '2021-03-18 10:42:32'),
(313, '8491e52b9c44bc410b3184873352723b.jpg', 358, '2021-03-18 10:42:32', '2021-03-18 10:42:32'),
(314, '79f9b64ca1ea08826de0d159d1f94ae4.jpg', 364, '2021-03-18 10:44:52', '2021-03-18 10:44:52'),
(315, 'a4ab52a715b0a53c565a9e0ccf8086d0.jpg', 364, '2021-03-18 10:44:52', '2021-03-18 10:44:52'),
(316, '79b4f846fbbe92b9f874f8b19ab7c53a.jpg', 364, '2021-03-18 10:44:52', '2021-03-18 10:44:52'),
(317, '4f69f5218660314e3174a8e3f4089f44.jpg', 364, '2021-03-18 10:44:52', '2021-03-18 10:44:52'),
(318, '89ea05816b8baf33a386d1aa1ef60ae1.jpg', 364, '2021-03-18 10:44:52', '2021-03-18 10:44:52'),
(319, 'cf38bdc9b8116f61b73b8bf761530820.jpg', 364, '2021-03-18 10:44:52', '2021-03-18 10:44:52'),
(320, 'c9892adce38d84799d89355122264fa7.jpg', 364, '2021-03-18 10:44:52', '2021-03-18 10:44:52'),
(321, 'e1a6f44246ddff20b77741401d9d7190.jpg', 372, '2021-03-18 10:47:31', '2021-03-18 10:47:31'),
(322, '1de9be5d273a4468438a3b297e179f35.jpg', 372, '2021-03-18 10:47:31', '2021-03-18 10:47:31'),
(323, '54153345b935eb9dca6e8e07b14c0cad.jpg', 372, '2021-03-18 10:47:31', '2021-03-18 10:47:31'),
(324, '175f388940866ea32b0420b72d50be46.jpg', 372, '2021-03-18 10:47:31', '2021-03-18 10:47:31'),
(325, 'b3d38c99fe7230fefe5bb31b15edb769.jpg', 372, '2021-03-18 10:47:31', '2021-03-18 10:47:31'),
(326, '6a0141ece17096f6efa30ab8ddc910cd.jpg', 375, '2021-03-18 10:48:10', '2021-03-18 10:48:10'),
(327, '8099554e1fc1ac38c44a0b5b1db55b9a.jpg', 375, '2021-03-18 10:48:10', '2021-03-18 10:48:10'),
(328, '61f5de4301b6309a0249d397fa4c7c04.jpg', 375, '2021-03-18 10:48:10', '2021-03-18 10:48:10'),
(329, '2cccfa5dfde1dac98e830f6f21fa9553.jpg', 375, '2021-03-18 10:48:10', '2021-03-18 10:48:10'),
(330, '58623137bc6af65c54c44d718167e42b.jpg', 375, '2021-03-18 10:48:10', '2021-03-18 10:48:10'),
(337, 'c42c3f730dbb52bcdd5b8c9bcd3e2ccd.jpg', 438, '2021-03-18 11:20:38', '2021-03-18 11:20:38'),
(338, '017e29e83e36464c79ef2b4600949853.jpg', 438, '2021-03-18 11:20:38', '2021-03-18 11:20:38'),
(339, '2c12e02d78fc54966607ca8c13b9ac33.jpg', 438, '2021-03-18 11:20:38', '2021-03-18 11:20:38');

-- --------------------------------------------------------

--
-- Table structure for table `order_item`
--

CREATE TABLE `order_item` (
  `item_id` int(11) NOT NULL,
  `order_id` int(11) DEFAULT NULL,
  `item_name` varchar(55) NOT NULL,
  `item_description` text NOT NULL,
  `item_location` varchar(50) DEFAULT NULL,
  `item_price` float NOT NULL DEFAULT '0',
  `item_quantity` int(11) NOT NULL,
  `item_type` varchar(20) DEFAULT NULL,
  `item_category` varchar(100) DEFAULT NULL,
  `item_location_type` varchar(100) DEFAULT NULL,
  `created_by` int(11) NOT NULL,
  `created_date` datetime NOT NULL DEFAULT CURRENT_TIMESTAMP,
  `updated_date` datetime NOT NULL DEFAULT CURRENT_TIMESTAMP ON UPDATE CURRENT_TIMESTAMP,
  `disable-location` tinyint(1) NOT NULL DEFAULT '0'
) ENGINE=InnoDB DEFAULT CHARSET=utf8mb4;

--
-- Dumping data for table `order_item`
--

INSERT INTO `order_item` (`item_id`, `order_id`, `item_name`, `item_description`, `item_location`, `item_price`, `item_quantity`, `item_type`, `item_category`, `item_location_type`, `created_by`, `created_date`, `updated_date`, `disable-location`) VALUES
(4, NULL, 'Whiskey', '', 'kitchen closet', 11, 1, NULL, 'as', 'PM', 1, '2021-03-17 14:32:33', '2021-03-17 14:32:33', 0),
(105, NULL, '', '', NULL, 0, 0, NULL, '', 'default', 1, '2021-03-18 04:43:39', '2021-03-18 04:43:39', 1),
(106, NULL, '', '', NULL, 0, 0, NULL, '', 'default', 1, '2021-03-18 04:43:50', '2021-03-18 04:43:50', 1),
(107, NULL, '', '', NULL, 0, 0, NULL, 'megha 1015', 'PM', 1, '2021-03-18 04:45:07', '2021-03-18 04:45:07', 1),
(108, NULL, 'Beer', '', '6', 258, 5, NULL, 'megha 1015', 'PM', 1, '2021-03-18 04:45:21', '2021-03-18 04:45:21', 0),
(109, NULL, '', '', NULL, 0, 0, NULL, 'megha 1015', 'PM', 1, '2021-03-18 04:45:28', '2021-03-18 04:45:28', 1),
(110, NULL, '', '', NULL, 0, 0, NULL, '', 'default', 1, '2021-03-18 04:53:36', '2021-03-18 04:53:36', 1),
(111, NULL, '', '', NULL, 0, 0, NULL, '', 'PM', 1, '2021-03-18 04:55:41', '2021-03-18 04:55:41', 1),
(112, NULL, '', '', NULL, 0, 0, NULL, '', 'default', 1, '2021-03-18 04:59:55', '2021-03-18 04:59:55', 1),
(113, NULL, '', '', NULL, 0, 0, NULL, '', 'VH', 1, '2021-03-18 05:00:28', '2021-03-18 05:00:28', 1),
(114, NULL, '', '', NULL, 0, 0, NULL, '', 'default', 1, '2021-03-18 05:01:28', '2021-03-18 05:01:28', 1),
(115, NULL, '', '', NULL, 0, 0, NULL, '', 'default', 1, '2021-03-18 05:01:36', '2021-03-18 05:01:36', 1),
(116, NULL, '', '', NULL, 0, 0, NULL, '', 'default', 1, '2021-03-18 05:02:02', '2021-03-18 05:02:02', 1),
(117, NULL, '', '', NULL, 0, 0, NULL, '', 'default', 1, '2021-03-18 05:11:37', '2021-03-18 05:11:37', 1),
(120, NULL, '', '', NULL, 0, 0, NULL, '', 'PM', 1, '2021-03-18 05:14:53', '2021-03-18 05:14:53', 1),
(121, NULL, '', '', NULL, 0, 0, NULL, '', 'default', 1, '2021-03-18 05:14:59', '2021-03-18 05:14:59', 1),
(122, NULL, '', '', NULL, 0, 0, NULL, '', 'default', 1, '2021-03-18 05:15:24', '2021-03-18 05:15:24', 1),
(123, NULL, '', '', NULL, 0, 0, NULL, 'megha1047', 'PM', 1, '2021-03-18 05:17:35', '2021-03-18 05:17:35', 1),
(124, NULL, '', '', NULL, 0, 0, NULL, '', 'default', 1, '2021-03-18 05:17:53', '2021-03-18 05:17:53', 1),
(125, NULL, 'Vitamins', '', '5', 56, 2, NULL, '5', 'PM', 1, '2021-03-18 05:18:03', '2021-03-18 05:18:03', 0),
(126, NULL, '', '', NULL, 0, 0, NULL, '5', 'VH', 1, '2021-03-18 05:18:50', '2021-03-18 05:18:50', 1),
(127, NULL, '', '', NULL, 0, 0, NULL, '', 'default', 1, '2021-03-18 05:19:00', '2021-03-18 05:19:00', 1),
(128, NULL, '', '', NULL, 0, 0, NULL, '', 'default', 1, '2021-03-18 05:20:27', '2021-03-18 05:20:27', 1),
(129, NULL, '', '', NULL, 0, 0, NULL, '23/2', 'PM', 1, '2021-03-18 05:21:21', '2021-03-18 05:21:21', 1),
(130, NULL, '', '', NULL, 0, 0, NULL, '', 'default', 1, '2021-03-18 05:21:53', '2021-03-18 05:21:53', 1),
(131, NULL, '', '', NULL, 0, 0, NULL, '', 'default', 1, '2021-03-18 05:24:48', '2021-03-18 05:24:48', 1),
(132, NULL, '', '', NULL, 0, 0, NULL, '', 'default', 1, '2021-03-18 05:31:13', '2021-03-18 05:31:13', 1),
(133, NULL, '', '', NULL, 0, 0, NULL, '', 'default', 1, '2021-03-18 05:31:22', '2021-03-18 05:31:22', 1),
(134, NULL, '', '', NULL, 0, 0, NULL, '22', 'PM', 1, '2021-03-18 05:34:15', '2021-03-18 05:34:15', 1),
(135, NULL, 'Whiskey', '', '54', 5, 65, 'NULL', 'megha 1108', 'VH', 1, '2021-03-18 05:34:35', '2021-03-18 05:38:49', 0),
(136, NULL, '', '', NULL, 0, 0, NULL, 'megha 1104', 'PM', 1, '2021-03-18 05:36:18', '2021-03-18 05:36:18', 1),
(138, NULL, 'Whiskey', '', '5', 5, 5, 'NULL', 'megha 1104', 'PM', 1, '2021-03-18 05:36:41', '2021-03-18 05:38:12', 0),
(139, NULL, '', '', NULL, 0, 0, NULL, 'megha 1104', 'PM', 1, '2021-03-18 05:36:46', '2021-03-18 05:36:46', 1),
(152, NULL, '', '', NULL, 0, 0, NULL, '', 'default', 1, '2021-03-18 05:45:53', '2021-03-18 05:45:53', 1),
(153, NULL, 'Vitamins', '', '256', 56, 562, NULL, 'megha 1116', 'PM', 1, '2021-03-18 05:46:21', '2021-03-18 05:46:21', 0),
(154, NULL, 'Soup-Mixes', '', '5', 6, 9, NULL, 'megha 1116', 'PM', 1, '2021-03-18 05:47:23', '2021-03-18 05:47:23', 0),
(155, NULL, 'Cake-Mix', '', '56', 8955, 5656, NULL, 'megha 1116', 'PM', 1, '2021-03-18 05:47:34', '2021-03-18 05:47:34', 0),
(156, NULL, 'Cereal', '', '5', 5, 6, NULL, 'megha 1116', 'PM', 1, '2021-03-18 05:47:52', '2021-03-18 05:47:52', 0),
(157, NULL, 'Salad', '', '6', 6, 6, NULL, 'megha 1116', 'PM', 1, '2021-03-18 05:49:08', '2021-03-18 05:49:08', 0),
(158, NULL, 'Beer', '', '236', 569, 2565, NULL, 'megha 1116', 'PM', 1, '2021-03-18 05:49:35', '2021-03-18 05:49:35', 0),
(159, NULL, 'Cake-Mix', '', '596', 892, 36, 'NULL', 'megha 1121', 'VH', 1, '2021-03-18 05:50:08', '2021-03-18 05:51:16', 0),
(160, NULL, '', '', NULL, 0, 0, NULL, '', 'default', 1, '2021-03-18 05:53:55', '2021-03-18 05:53:55', 1),
(161, NULL, '', '', NULL, 0, 0, NULL, '', 'default', 1, '2021-03-18 05:54:59', '2021-03-18 05:54:59', 1),
(162, NULL, '', '', NULL, 0, 0, NULL, '', 'default', 1, '2021-03-18 06:01:08', '2021-03-18 06:01:08', 1),
(163, NULL, '', '', NULL, 0, 0, NULL, '', 'default', 1, '2021-03-18 06:01:15', '2021-03-18 06:01:15', 1),
(164, NULL, '', '', NULL, 0, 0, NULL, '', 'default', 1, '2021-03-18 06:01:19', '2021-03-18 06:01:19', 1),
(165, NULL, '', '', NULL, 0, 0, NULL, 'megha 1141', 'PM', 1, '2021-03-18 06:11:28', '2021-03-18 06:11:28', 1),
(166, NULL, 'Vinegar', '', '26', 25, 36, 'NULL', 'megha 1141', 'PM', 1, '2021-03-18 06:11:35', '2021-03-18 06:26:16', 0),
(167, NULL, 'Vitamins', '', '5', 5, 5, 'NULL', 'megha 1141', 'PM', 1, '2021-03-18 06:11:43', '2021-03-18 06:26:41', 0),
(168, NULL, '', '', NULL, 0, 0, NULL, 'megha 1141', 'PM', 1, '2021-03-18 06:11:45', '2021-03-18 06:11:45', 1),
(169, NULL, '', '', NULL, 0, 0, NULL, 'megha 1141', 'PM', 1, '2021-03-18 06:11:51', '2021-03-18 06:11:51', 1),
(170, NULL, 'Yeast', '', '6', 5, 6, NULL, 'megha 1141', 'PM', 1, '2021-03-18 06:12:00', '2021-03-18 06:12:00', 0),
(171, NULL, 'Cake-Mix', '', '89', 78, 89, NULL, 'megha 1141', 'PM', 1, '2021-03-18 06:12:27', '2021-03-18 06:12:27', 0),
(172, NULL, '', '', NULL, 0, 0, NULL, 'megha 1141', 'PM', 1, '2021-03-18 06:12:31', '2021-03-18 06:12:31', 1),
(173, NULL, 'Vitamins', '', '5', 5, 5, NULL, 'megha 1141', 'PM', 1, '2021-03-18 06:12:48', '2021-03-18 06:12:48', 0),
(174, NULL, 'Vitamins', '', '56', 25, 56, 'NULL', 'megha 1141', 'PM', 1, '2021-03-18 06:22:25', '2021-03-18 06:25:33', 0),
(175, NULL, 'Cake-Mix', '', '25', 69, 265, NULL, 'megha 1141', 'PM', 1, '2021-03-18 06:23:41', '2021-03-18 06:23:41', 0),
(176, NULL, 'Vinegar', '', '5', 56, 6, 'NULL', '23/2 ', 'PM', 1, '2021-03-18 06:27:54', '2021-03-18 06:29:26', 0),
(177, NULL, 'Salad', '', '56', 56, 56, NULL, '23/2 ', 'PM', 1, '2021-03-18 06:28:11', '2021-03-18 06:28:11', 0),
(178, NULL, 'Flour', '', '6', 6, 9, 'NULL', '23/2 ', 'PM', 1, '2021-03-18 06:28:41', '2021-03-18 06:28:53', 0),
(181, NULL, 'Beer', '', '9', 6, 9, NULL, 'megha1200', 'PM', 1, '2021-03-18 06:31:38', '2021-03-18 06:31:38', 0),
(182, NULL, 'Vinegar', '', '59', 6, 9, NULL, 'hh', 'PM', 1, '2021-03-18 06:34:43', '2021-03-18 06:34:43', 0),
(183, NULL, 'Vitamins', '', '59', 8, 9, 'NULL', 'ss', 'PM', 1, '2021-03-18 06:35:52', '2021-03-18 06:38:00', 0),
(184, NULL, 'Vitamins', '', '6', 56, 26, 'NULL', 'megha 1208', 'PM', 1, '2021-03-18 06:38:50', '2021-03-18 06:39:13', 0),
(185, NULL, 'Sauces', '', '6', 6, 6, NULL, 'megha 1211', 'PM', 1, '2021-03-18 06:41:22', '2021-03-18 06:41:22', 0),
(186, NULL, '', '', NULL, 0, 0, NULL, 'megha 1212', 'PM', 1, '2021-03-18 06:42:22', '2021-03-18 06:42:22', 1),
(187, NULL, 'Oatmeal', '', '6', 58, 59, 'NULL', 'megha 1212', 'PM', 1, '2021-03-18 06:42:31', '2021-03-18 06:42:50', 0),
(188, NULL, 'Vinegar', '', '5', 58, 69, NULL, 'megha 1213', 'PM', 1, '2021-03-18 06:43:53', '2021-03-18 06:43:53', 0),
(189, NULL, 'Sauces', '', '9', 9, 9, NULL, 'megha 1213', 'PM', 1, '2021-03-18 06:44:31', '2021-03-18 06:44:31', 0),
(195, NULL, '', '', NULL, 0, 0, NULL, '', 'default', 1, '2021-03-18 07:07:37', '2021-03-18 07:07:37', 1),
(196, NULL, '', '', NULL, 0, 0, NULL, '', 'default', 1, '2021-03-18 07:09:40', '2021-03-18 07:09:40', 1),
(197, NULL, '', '', NULL, 0, 0, NULL, '', 'default', 1, '2021-03-18 07:11:35', '2021-03-18 07:11:35', 1),
(198, NULL, 'Barley', '', '3', 25, 36, NULL, 'megha 1244', 'PM', 1, '2021-03-18 07:14:15', '2021-03-18 07:14:15', 0),
(199, NULL, 'Soup-Mixes', '', '5', 589, 5, 'NULL', 'megha 1244', 'PM', 1, '2021-03-18 07:14:58', '2021-03-18 07:16:34', 0),
(200, NULL, '', '', NULL, 0, 0, NULL, '', 'default', 1, '2021-03-18 07:18:12', '2021-03-18 07:18:12', 1),
(201, NULL, '', '', NULL, 0, 0, NULL, '', 'default', 1, '2021-03-18 07:18:20', '2021-03-18 07:18:20', 1),
(202, NULL, 'Vitamins', '', '65', 56, 265, NULL, 'megha 1248', 'PM', 1, '2021-03-18 07:19:00', '2021-03-18 07:19:00', 0),
(203, NULL, 'Salad', '', '6', 5, 6, NULL, 'megha 1248', 'PM', 1, '2021-03-18 07:19:50', '2021-03-18 07:19:50', 0),
(204, NULL, '', '', NULL, 0, 0, NULL, '', 'default', 1, '2021-03-18 07:19:56', '2021-03-18 07:19:56', 1),
(205, NULL, 'Yeast', '', '66', 25, 36, NULL, 'ff', 'PM', 1, '2021-03-18 07:20:14', '2021-03-18 07:20:14', 0),
(206, NULL, '', '', NULL, 0, 0, NULL, 'ss', 'PM', 1, '2021-03-18 07:21:41', '2021-03-18 07:21:41', 1),
(207, NULL, 'Vinegar', '', '8', 5, 8, NULL, '258', 'PM', 1, '2021-03-18 07:22:00', '2021-03-18 07:22:00', 0),
(208, NULL, '', '', NULL, 0, 0, NULL, '', 'default', 1, '2021-03-18 07:22:46', '2021-03-18 07:22:46', 1),
(209, NULL, 'Whiskey', '', '29', 569, 269, NULL, '25', 'PM', 1, '2021-03-18 07:23:00', '2021-03-18 07:23:00', 0),
(210, NULL, 'Vinegar', '', '5', 36, 2, NULL, 'yy', 'PM', 1, '2021-03-18 07:29:27', '2021-03-18 07:29:27', 0),
(211, NULL, 'Vitamins', '', '3', 26, 26, NULL, '56', 'PM', 1, '2021-03-18 07:30:39', '2021-03-18 07:30:39', 0),
(212, NULL, '', '', NULL, 0, 0, NULL, '12', 'PM', 1, '2021-03-18 08:39:04', '2021-03-18 08:39:04', 1),
(213, NULL, '', '', NULL, 0, 0, NULL, 'aa', 'PM', 1, '2021-03-18 08:44:20', '2021-03-18 08:44:20', 1),
(214, NULL, 'Flour', '', '85', 89, 89, 'NULL', 'megha 1415', 'VH', 1, '2021-03-18 08:44:54', '2021-03-18 08:46:06', 0),
(215, NULL, 'Barley', '', '3', 258, 26, NULL, 'megha 1416', 'PM', 1, '2021-03-18 08:47:07', '2021-03-18 08:47:07', 0),
(216, NULL, 'Beer', '', '3', 58, 336, NULL, 'megha 1416', 'PM', 1, '2021-03-18 08:47:27', '2021-03-18 08:47:27', 0),
(217, NULL, 'Cereal', '', '9', 8, 9, NULL, 'megha 1416', 'PM', 1, '2021-03-18 08:47:57', '2021-03-18 08:47:57', 0),
(218, NULL, '', '', NULL, 0, 0, NULL, 'megha 1416', 'PM', 1, '2021-03-18 08:48:25', '2021-03-18 08:48:25', 1),
(219, NULL, 'Vinegar', '', '5', 5, 5, 'NULL', 'megha 1416', 'PM', 1, '2021-03-18 08:48:35', '2021-03-18 08:50:42', 0),
(220, NULL, 'Cake-Mix', '', '8', 78, 8, NULL, 'megha 1416', 'PM', 1, '2021-03-18 08:48:48', '2021-03-18 08:48:48', 0),
(221, NULL, '', '', NULL, 0, 0, NULL, '', 'default', 1, '2021-03-18 08:51:08', '2021-03-18 08:51:08', 1),
(222, NULL, 'Whiskey', '', '8', 7, 8, NULL, 'megha 1421', 'PM', 1, '2021-03-18 08:51:31', '2021-03-18 08:51:31', 0),
(223, NULL, 'Vitamins', '', '8', 8, 8, 'NULL', 'megha 1421', 'PM', 1, '2021-03-18 08:51:37', '2021-03-18 08:52:37', 0),
(224, NULL, 'Cake-Mix', '', '8', 8, 8, NULL, 'megha 1421', 'PM', 1, '2021-03-18 08:52:14', '2021-03-18 08:52:14', 0),
(225, NULL, 'Vinegar', '', '6', 56, 56, NULL, 'dd', 'PM', 1, '2021-03-18 08:52:51', '2021-03-18 08:52:51', 0),
(226, NULL, 'Vitamins', '', '99', 58, 56, NULL, 'aa', 'PM', 1, '2021-03-18 08:53:29', '2021-03-18 08:53:29', 0),
(227, NULL, 'Pasta', '', '6', 25, 6, NULL, 'megha', 'PM', 1, '2021-03-18 08:54:20', '2021-03-18 08:54:20', 0),
(228, NULL, '', '', NULL, 0, 0, NULL, '12', 'PM', 1, '2021-03-18 08:55:09', '2021-03-18 08:55:09', 1),
(229, NULL, 'Beer', '', '323', 23, 232, NULL, '12', 'VH', 1, '2021-03-18 08:55:39', '2021-03-18 08:55:39', 0),
(230, NULL, 'Barley', '', '5', 5, 5, NULL, 'dd', 'PM', 1, '2021-03-18 08:59:46', '2021-03-18 08:59:46', 0),
(231, NULL, '', '', NULL, 0, 0, NULL, 'dd', 'VH', 1, '2021-03-18 09:00:14', '2021-03-18 09:00:14', 1),
(232, NULL, 'Cereal', '', '5', 5, 5, NULL, 'dd', 'OFC', 1, '2021-03-18 09:00:28', '2021-03-18 09:00:28', 0),
(233, NULL, '', '', NULL, 0, 0, NULL, '', 'default', 1, '2021-03-18 09:05:12', '2021-03-18 09:05:12', 1),
(234, NULL, 'Salad', '', '5', 5, 5, NULL, 'megha', 'PM', 1, '2021-03-18 09:05:36', '2021-03-18 09:05:36', 0),
(235, NULL, '', '', NULL, 0, 0, NULL, '', 'default', 1, '2021-03-18 09:05:51', '2021-03-18 09:05:51', 1),
(236, NULL, '', '', NULL, 0, 0, NULL, 'tt', 'VH', 1, '2021-03-18 09:06:04', '2021-03-18 09:06:04', 1),
(238, NULL, '', '', NULL, 0, 0, NULL, '12', 'PM', 1, '2021-03-18 09:07:39', '2021-03-18 09:07:39', 1),
(239, NULL, 'Cake-Mix', '', '12', 1, 212, NULL, '12', 'OFC', 1, '2021-03-18 09:07:44', '2021-03-18 09:07:44', 0),
(240, NULL, 'Vinegar', '', '5', 5, 5, 'NULL', 'megha', 'VH', 1, '2021-03-18 09:08:00', '2021-03-18 09:08:18', 0),
(241, NULL, 'Vinegar', '', '6', 5, 6, 'NULL', '56', 'OFC', 1, '2021-03-18 09:09:37', '2021-03-18 09:09:58', 0),
(242, NULL, '', '', NULL, 0, 0, NULL, '', 'default', 1, '2021-03-18 09:11:44', '2021-03-18 09:11:44', 1),
(243, NULL, '', '', NULL, 0, 0, NULL, '', 'default', 1, '2021-03-18 09:12:16', '2021-03-18 09:12:16', 1),
(244, NULL, 'Yeast', '', '12', 12, 12, NULL, '12', 'OFC', 1, '2021-03-18 09:12:31', '2021-03-18 09:12:31', 0),
(245, NULL, 'Cake-Mix', '', '12', 12, 12, NULL, '12', 'VH', 1, '2021-03-18 09:17:32', '2021-03-18 09:17:32', 0),
(246, NULL, '', '', NULL, 0, 0, NULL, '12', 'PM', 1, '2021-03-18 09:18:28', '2021-03-18 09:18:28', 1),
(247, NULL, 'Cosmetics', '', '12', 12, 12, NULL, '12', 'PM', 1, '2021-03-18 09:18:33', '2021-03-18 09:18:33', 0),
(248, NULL, '', '', NULL, 0, 0, NULL, '', 'default', 1, '2021-03-18 09:19:30', '2021-03-18 09:19:30', 1),
(249, NULL, 'Beer', '', '5', 8, 12, NULL, 'Nikol', 'PM', 1, '2021-03-18 09:19:48', '2021-03-18 09:19:48', 0),
(250, NULL, '', '', NULL, 0, 0, NULL, 'Nikol', 'VH', 1, '2021-03-18 09:21:03', '2021-03-18 09:21:03', 1),
(251, NULL, '', '', NULL, 0, 0, NULL, '', 'default', 1, '2021-03-18 09:22:15', '2021-03-18 09:22:15', 1),
(252, NULL, 'Sauces', '', '8', 26, 56, NULL, '256', 'PM', 1, '2021-03-18 09:22:42', '2021-03-18 09:22:42', 0),
(253, NULL, 'Soup-Mixes', '', '5', 2, 2, NULL, '2', 'VH', 1, '2021-03-18 09:23:18', '2021-03-18 09:23:18', 0),
(254, NULL, '', '', NULL, 0, 0, NULL, '2', 'PM', 1, '2021-03-18 09:23:42', '2021-03-18 09:23:42', 1),
(255, NULL, '', '', NULL, 0, 0, NULL, '', 'default', 1, '2021-03-18 09:24:15', '2021-03-18 09:24:15', 1),
(256, NULL, '', '', NULL, 0, 0, NULL, 'megha1218', 'VH', 1, '2021-03-18 09:25:14', '2021-03-18 09:25:14', 1),
(257, NULL, '', '', NULL, 0, 0, NULL, 'megha1218', 'PM', 1, '2021-03-18 09:25:25', '2021-03-18 09:25:25', 1),
(258, NULL, '', '', NULL, 0, 0, NULL, 'megha1218', 'OTHER', 1, '2021-03-18 09:25:30', '2021-03-18 09:25:30', 1),
(259, NULL, '', '', NULL, 0, 0, NULL, 'megha1218', 'OFC', 1, '2021-03-18 09:25:34', '2021-03-18 09:25:34', 1),
(260, NULL, 'Yeast', '', 'sss', 10, 12, NULL, '25', 'PM', 1, '2021-03-18 09:26:32', '2021-03-18 09:26:32', 0),
(261, NULL, 'Play-Dough', '', '6', 65, 6, NULL, 'megha1218', 'PM', 1, '2021-03-18 09:28:32', '2021-03-18 09:28:32', 0),
(262, NULL, '', '', NULL, 0, 0, NULL, '', 'default', 1, '2021-03-18 09:38:47', '2021-03-18 09:38:47', 1),
(263, NULL, '', '', NULL, 0, 0, NULL, '255', 'PM', 1, '2021-03-18 09:38:58', '2021-03-18 09:38:58', 1),
(264, NULL, '', '', NULL, 0, 0, NULL, '255', 'default', 1, '2021-03-18 09:39:02', '2021-03-18 09:39:02', 1),
(265, NULL, '', '', NULL, 0, 0, NULL, '255', 'VH', 1, '2021-03-18 09:39:12', '2021-03-18 09:39:12', 1),
(266, NULL, '', '', NULL, 0, 0, NULL, '', 'default', 1, '2021-03-18 09:39:41', '2021-03-18 09:39:41', 1),
(267, NULL, 'Yeast', '', '5', 5, 5, NULL, '25', 'PM', 1, '2021-03-18 09:40:07', '2021-03-18 09:40:07', 0),
(268, NULL, 'Vinegar', '', '6', 2563, 6, NULL, 'ddf', 'VH', 1, '2021-03-18 09:40:32', '2021-03-18 09:40:32', 0),
(269, NULL, 'Vitamins', '', '2', 26, 26, 'NULL', 'megha1218', 'OFC', 1, '2021-03-18 09:41:41', '2021-03-18 09:43:10', 0),
(270, NULL, 'Soup-Mixes', '', '12', 12, 2, NULL, '12', 'PM', 1, '2021-03-18 09:43:13', '2021-03-18 09:43:13', 0),
(271, NULL, '', '', NULL, 0, 0, NULL, '12', 'VH', 1, '2021-03-18 09:44:18', '2021-03-18 09:44:18', 1),
(272, NULL, '', '', NULL, 0, 0, NULL, '', 'VH', 1, '2021-03-18 09:45:46', '2021-03-18 09:45:46', 1),
(273, NULL, '', '', NULL, 0, 0, NULL, '', 'default', 1, '2021-03-18 09:45:50', '2021-03-18 09:45:50', 1),
(274, NULL, '', '', NULL, 0, 0, NULL, '154', 'PM', 1, '2021-03-18 09:45:56', '2021-03-18 09:45:56', 1),
(275, NULL, 'Vinegar', '', '5', 5, 5, NULL, '5', 'PM', 1, '2021-03-18 09:47:33', '2021-03-18 09:47:33', 0),
(276, NULL, '', '', NULL, 0, 0, NULL, 'Nikol', 'PM', 1, '2021-03-18 09:48:05', '2021-03-18 09:48:05', 1),
(277, NULL, 'Vinegar', '', '5', 2, 5, NULL, 'Nikol', 'VH', 1, '2021-03-18 09:48:18', '2021-03-18 09:48:18', 0),
(278, NULL, '', '', NULL, 0, 0, NULL, '', 'default', 1, '2021-03-18 09:57:52', '2021-03-18 09:57:52', 1),
(279, NULL, '', '', NULL, 0, 0, NULL, '2', 'VH', 1, '2021-03-18 09:57:54', '2021-03-18 09:57:54', 1),
(280, NULL, 'Soup-Mixes', '', 'roll6', 2, 2, 'NULL', 'megha1218', 'PM', 1, '2021-03-18 09:58:12', '2021-03-18 09:58:52', 0),
(281, NULL, 'Yeast', '', '5', 8, 10, NULL, 'megha1218', 'default', 1, '2021-03-18 09:58:27', '2021-03-18 09:58:27', 0),
(282, NULL, 'Cake-Mix', '', '6', 11, 14, NULL, 'megha1218', 'default', 1, '2021-03-18 09:59:46', '2021-03-18 09:59:46', 0),
(283, NULL, 'Whiskey', '', '55', 5, 5, NULL, 'megha1218', 'PM', 1, '2021-03-18 10:00:32', '2021-03-18 10:00:32', 0),
(284, NULL, '', '', NULL, 0, 0, NULL, '12', 'VH', 1, '2021-03-18 10:00:58', '2021-03-18 10:00:58', 1),
(285, NULL, 'Cosmetics', '', '2', 1, 21, NULL, '12', 'OFC', 1, '2021-03-18 10:01:08', '2021-03-18 10:01:08', 0),
(286, NULL, 'Beer', '', '21', 12, 12, NULL, '12', 'OFC', 1, '2021-03-18 10:01:13', '2021-03-18 10:01:13', 0),
(288, NULL, 'Cake-Mix', '', '1', 2, 122, NULL, '12', 'OFC', 1, '2021-03-18 10:02:08', '2021-03-18 10:02:08', 0),
(289, NULL, 'Cake-Mix', '', '12', 12, 12, NULL, '12', 'OFC', 1, '2021-03-18 10:02:16', '2021-03-18 10:02:16', 0),
(290, NULL, 'Cereal', '', '21', 12, 1, NULL, '12', 'OTHER', 1, '2021-03-18 10:02:32', '2021-03-18 10:02:32', 0),
(291, NULL, '', '', NULL, 0, 0, NULL, '', 'default', 1, '2021-03-18 10:02:58', '2021-03-18 10:02:58', 1),
(292, NULL, '', '', NULL, 0, 0, NULL, 'Nikol', 'PM', 1, '2021-03-18 10:03:04', '2021-03-18 10:03:04', 1),
(293, NULL, '', '', NULL, 0, 0, NULL, '12', 'PM', 1, '2021-03-18 10:03:50', '2021-03-18 10:03:50', 1),
(294, NULL, 'Cake-Mix', '', '12', 12, 12, NULL, '12', 'VH', 1, '2021-03-18 10:04:01', '2021-03-18 10:04:01', 0),
(295, NULL, 'Flour', '', '12', 12, 12, 'NULL', '12', 'PM', 1, '2021-03-18 10:04:08', '2021-03-18 10:04:40', 0),
(310, NULL, '', '', NULL, 0, 0, NULL, 'megha 1540', 'PM', 1, '2021-03-18 10:10:49', '2021-03-18 10:10:49', 1),
(311, NULL, 'Vinegar', '', '5', 56, 56, NULL, 'megha 1540', 'PM', 1, '2021-03-18 10:10:58', '2021-03-18 10:10:58', 0),
(312, NULL, 'Vitamins', '', '5', 5, 5, NULL, 'megha 1540', 'PM', 1, '2021-03-18 10:11:09', '2021-03-18 10:11:09', 0),
(313, NULL, '', '', NULL, 0, 0, NULL, 'Nikol', 'PM', 1, '2021-03-18 10:11:33', '2021-03-18 10:11:33', 1),
(315, NULL, 'Cake-Mix', '', '5', 5, 5, NULL, 'Nikol', 'VH', 1, '2021-03-18 10:11:58', '2021-03-18 10:11:58', 0),
(316, NULL, 'Sauces', '', '98', 8, 9, NULL, 'Nikol', 'VH', 1, '2021-03-18 10:12:08', '2021-03-18 10:12:08', 0),
(317, NULL, '', '', NULL, 0, 0, NULL, '12', 'VH', 1, '2021-03-18 10:14:24', '2021-03-18 10:14:24', 1),
(318, NULL, 'Cosmetics', '', '21', 12, 12, NULL, '12', 'OFC', 1, '2021-03-18 10:14:31', '2021-03-18 10:14:31', 0),
(319, NULL, '', '', NULL, 0, 0, NULL, '12', 'VH', 1, '2021-03-18 10:15:45', '2021-03-18 10:15:45', 1),
(321, NULL, 'Cake-Mix', '', '2', 12, 121, NULL, '12', 'OTHER', 1, '2021-03-18 10:15:56', '2021-03-18 10:15:56', 0),
(322, NULL, 'Vinegar', '', '536', 265, 265, NULL, '25', 'PM', 1, '2021-03-18 10:16:02', '2021-03-18 10:16:02', 0),
(326, NULL, 'Oatmeal', '', '56', 2, 5, NULL, 'megha 1548', 'PM', 1, '2021-03-18 10:18:54', '2021-03-18 10:18:54', 0),
(327, NULL, '', '', NULL, 0, 0, NULL, '', 'default', 1, '2021-03-18 10:21:04', '2021-03-18 10:21:04', 1),
(328, NULL, '', '', NULL, 0, 0, NULL, '', 'default', 1, '2021-03-18 10:21:10', '2021-03-18 10:21:10', 1),
(329, NULL, '', '', NULL, 0, 0, NULL, '', 'default', 1, '2021-03-18 10:22:46', '2021-03-18 10:22:46', 1),
(330, NULL, '', '', NULL, 0, 0, NULL, '', 'PM', 1, '2021-03-18 10:23:56', '2021-03-18 10:23:56', 1),
(331, NULL, '', '', NULL, 0, 0, NULL, 'Nikol', 'PM', 1, '2021-03-18 10:24:06', '2021-03-18 10:24:06', 1),
(332, NULL, 'Vinegar', '', 'h', 2, 5, 'NULL', 'Nikol', 'VH', 1, '2021-03-18 10:24:24', '2021-03-18 10:25:48', 0),
(333, NULL, 'Oatmeal', '', '5', 5, 5, NULL, 'Nikol', 'VH', 1, '2021-03-18 10:25:13', '2021-03-18 10:25:13', 0),
(334, NULL, 'Vinegar', '', '5', 5, 5, 'NULL', 'Nikol', 'PM', 1, '2021-03-18 10:25:25', '2021-03-18 10:26:46', 0),
(335, NULL, 'Vinegar', '', '5', 2, 5, 'NULL', 'Nikol', 'VH', 1, '2021-03-18 10:25:36', '2021-03-18 10:26:06', 0),
(336, NULL, '', '', NULL, 0, 0, NULL, '12', 'OFC', 1, '2021-03-18 10:29:10', '2021-03-18 10:29:10', 1),
(337, NULL, 'Cake-Mix', '', '121', 12, 12, NULL, '12', 'VH', 1, '2021-03-18 10:29:18', '2021-03-18 10:29:18', 0),
(338, NULL, '', '', NULL, 0, 0, NULL, '12', 'OTHER', 1, '2021-03-18 10:30:19', '2021-03-18 10:30:19', 1),
(339, NULL, 'Cake-Mix', '', '12', 12, 12, NULL, '12', 'VH', 1, '2021-03-18 10:30:29', '2021-03-18 10:30:29', 0),
(340, NULL, 'Cake-Mix', '', '212', 12, 121, NULL, '12', 'VH', 1, '2021-03-18 10:31:02', '2021-03-18 10:31:02', 0),
(341, NULL, '', '', NULL, 0, 0, NULL, 'megha1218', 'PM', 1, '2021-03-18 10:35:23', '2021-03-18 10:35:23', 1),
(342, NULL, 'Vinegar', '', '5', 5, 5, 'NULL', 'megha1218', 'PM', 1, '2021-03-18 10:35:36', '2021-03-18 10:36:08', 0),
(343, NULL, 'Play-Dough', '', '5', 5, 5, NULL, 'megha1218', 'VH', 1, '2021-03-18 10:35:46', '2021-03-18 10:35:46', 0),
(344, NULL, '', '', NULL, 0, 0, NULL, 'megha1218', 'PM', 1, '2021-03-18 10:36:52', '2021-03-18 10:36:52', 1),
(345, NULL, 'Soup-Mixes', '', '56', 36, 6, 'NULL', 'megha1218', 'PM', 1, '2021-03-18 10:37:20', '2021-03-18 10:37:46', 0),
(346, NULL, 'Cereal', '', '5', 5, 5, NULL, 'megha1218', 'VH', 1, '2021-03-18 10:37:31', '2021-03-18 10:37:31', 0),
(347, NULL, 'Yeast', '', '5', 5, 5, NULL, 'megha1218', 'VH', 1, '2021-03-18 10:37:39', '2021-03-18 10:37:39', 0),
(348, NULL, '', '', NULL, 0, 0, NULL, 'ss', 'PM', 1, '2021-03-18 10:38:59', '2021-03-18 10:38:59', 1),
(349, NULL, 'Vitamins', '', '4', 4, 54, 'NULL', 'ss', 'PM', 1, '2021-03-18 10:39:09', '2021-03-18 10:39:14', 0),
(350, NULL, 'Vinegar', '', '5', 5, 5, NULL, '154', 'PM', 1, '2021-03-18 10:39:59', '2021-03-18 10:39:59', 0),
(351, NULL, '56', '', '5', 6, 4, 'Other', '154', 'PM', 1, '2021-03-18 10:40:13', '2021-03-18 10:40:13', 0),
(352, NULL, '', '', NULL, 0, 0, NULL, '154', 'VH', 1, '2021-03-18 10:40:23', '2021-03-18 10:40:23', 1),
(353, NULL, 'Vinegar', '', '5', 25, 5, NULL, '154', 'OFC', 1, '2021-03-18 10:40:54', '2021-03-18 10:40:54', 0),
(354, NULL, 'Cake-Mix', '', '5', 1, 5, NULL, '154', 'OFC', 1, '2021-03-18 10:41:17', '2021-03-18 10:41:17', 0),
(355, NULL, 'Pasta', '', '5', 2, 5, NULL, '154', 'OFC', 1, '2021-03-18 10:41:47', '2021-03-18 10:41:47', 0),
(356, NULL, '', '', NULL, 0, 0, NULL, '12', 'OTHER', 1, '2021-03-18 10:42:02', '2021-03-18 10:42:02', 1),
(357, NULL, 'Beer', '', '12', 12, 12, NULL, '12', 'VH', 1, '2021-03-18 10:42:09', '2021-03-18 10:42:09', 0),
(358, NULL, 'Barley', '', '5', 2, 5, NULL, '154', 'OFC', 1, '2021-03-18 10:42:32', '2021-03-18 10:42:32', 0),
(361, NULL, 'Play-Dough', '', '6', 25, 6, NULL, 'megha1614', 'VH', 1, '2021-03-18 10:44:12', '2021-03-18 10:44:12', 0),
(362, NULL, 'Flour', '', '1', 5, 5, NULL, 'megha1614', 'VH', 1, '2021-03-18 10:44:26', '2021-03-18 10:44:26', 0),
(363, NULL, 'Salad', '', '5', 14, 9, NULL, 'megha1614', 'VH', 1, '2021-03-18 10:44:36', '2021-03-18 10:44:36', 0),
(364, NULL, 'Whiskey', '', '5', 15, 56, NULL, 'megha1614', 'VH', 1, '2021-03-18 10:44:52', '2021-03-18 10:44:52', 0),
(365, NULL, 'Oatmeal', '', '5', 5, 4, NULL, '25', 'PM', 1, '2021-03-18 10:46:22', '2021-03-18 10:46:22', 0),
(367, NULL, '', '', NULL, 0, 0, NULL, '25', 'VH', 1, '2021-03-18 10:46:33', '2021-03-18 10:46:33', 1),
(368, NULL, 'Cake-Mix', '', '4', 4, 4, NULL, '25', 'OFC', 1, '2021-03-18 10:46:55', '2021-03-18 10:46:55', 0),
(369, NULL, '', '', NULL, 0, 0, NULL, '12', 'OFC', 1, '2021-03-18 10:47:16', '2021-03-18 10:47:16', 1),
(370, NULL, 'Cereal', '', '5', 5, 5, NULL, '25', 'OFC', 1, '2021-03-18 10:47:18', '2021-03-18 10:47:18', 0),
(371, NULL, 'Cake-Mix', '', '2121', 12, 121, NULL, '12', 'VH', 1, '2021-03-18 10:47:23', '2021-03-18 10:47:23', 0),
(372, NULL, 'Mayonnaise', '', '5', 256, 5, NULL, '25', 'OFC', 1, '2021-03-18 10:47:31', '2021-03-18 10:47:31', 0),
(373, NULL, 'Play-Dough', '', '5', 5, 5, NULL, '25', 'OFC', 1, '2021-03-18 10:47:47', '2021-03-18 10:47:47', 0),
(374, NULL, '', '', NULL, 0, 0, NULL, '12', 'OFC', 1, '2021-03-18 10:48:04', '2021-03-18 10:48:04', 1),
(375, NULL, 'Cereal', '', '5', 5, 5, 'NULL', '25', 'OFC', 1, '2021-03-18 10:48:10', '2021-03-18 10:48:20', 0),
(376, NULL, 'Cake-Mix', '', '212', 12, 121, NULL, '12', 'OTHER', 1, '2021-03-18 10:48:14', '2021-03-18 10:48:14', 0),
(377, NULL, '', '', NULL, 0, 0, NULL, '12', 'VH', 1, '2021-03-18 10:48:47', '2021-03-18 10:48:47', 1),
(378, NULL, 'Cake-Mix', '', '21', 12, 121, NULL, '12', 'OFC', 1, '2021-03-18 10:48:56', '2021-03-18 10:48:56', 0),
(379, NULL, 'Cake-Mix', '', '21', 12, 121, NULL, '12', 'OFC', 1, '2021-03-18 10:49:11', '2021-03-18 10:49:11', 0),
(380, NULL, '', '', NULL, 0, 0, NULL, 'Nikol', 'PM', 1, '2021-03-18 10:50:34', '2021-03-18 10:50:34', 1),
(381, NULL, 'Vinegar', '', '8', 58, 58, 'NULL', 'Nikol', 'PM', 1, '2021-03-18 10:50:46', '2021-03-18 10:50:56', 0),
(382, NULL, '', '', NULL, 0, 0, NULL, 'dd', 'PM', 1, '2021-03-18 10:51:24', '2021-03-18 10:51:24', 1),
(383, NULL, 'Beer', '', '5', 5, 5, 'NULL', 'dd', 'PM', 1, '2021-03-18 10:51:32', '2021-03-18 10:51:38', 0),
(384, NULL, '', '', NULL, 0, 0, NULL, '6', 'PM', 1, '2021-03-18 10:52:00', '2021-03-18 10:52:00', 1),
(385, NULL, 'Sauces', '', '5', 5, 5, 'NULL', '6', 'PM', 1, '2021-03-18 10:52:08', '2021-03-18 10:52:15', 0),
(386, NULL, '', '', NULL, 0, 0, NULL, '12', 'VH', 1, '2021-03-18 10:53:07', '2021-03-18 10:53:07', 1),
(387, NULL, 'Vinegar', '', '212', 12, 121, 'NULL', '12', 'VH', 1, '2021-03-18 10:53:14', '2021-03-18 10:53:20', 0),
(390, NULL, '', '', NULL, 0, 0, NULL, 'vv', 'VH', 1, '2021-03-18 10:55:08', '2021-03-18 10:55:08', 1),
(392, NULL, 'Cereal', '', '5', 5, 5, NULL, 'vv', 'OFC', 1, '2021-03-18 10:55:56', '2021-03-18 10:55:56', 0),
(393, NULL, '', '', NULL, 0, 0, NULL, '12', 'OFC', 1, '2021-03-18 10:56:21', '2021-03-18 10:56:21', 1),
(395, NULL, 'Flour', '', '212', 12, 1211212, 'NULL', '122', 'PM', 1, '2021-03-18 10:56:57', '2021-03-18 11:04:40', 0),
(396, NULL, '', '', NULL, 0, 0, NULL, '55', 'PM', 1, '2021-03-18 10:57:47', '2021-03-18 10:57:47', 1),
(398, NULL, 'Vinegar', '', '56', 256, 5656, 'NULL', '88', 'PM', 1, '2021-03-18 10:58:16', '2021-03-18 10:59:54', 0),
(399, NULL, '', '', NULL, 0, 0, NULL, '226', 'PM', 1, '2021-03-18 11:00:08', '2021-03-18 11:00:08', 1),
(400, NULL, 'Salad', '', '5', 4, 5, 'NULL', '226', 'VH', 1, '2021-03-18 11:00:28', '2021-03-18 11:03:19', 0),
(401, NULL, 'Whiskey', '', '5', 5, 5, NULL, '226', 'VH', 1, '2021-03-18 11:00:36', '2021-03-18 11:00:36', 0),
(402, NULL, 'Cake-Mix', '', '6', 56, 6, NULL, '226', 'VH', 1, '2021-03-18 11:00:45', '2021-03-18 11:00:45', 0),
(403, NULL, '', '', NULL, 0, 0, NULL, 'Nikol', 'PM', 1, '2021-03-18 11:04:20', '2021-03-18 11:04:20', 1),
(405, NULL, 'Soup-Mixes', '', '5', 5, 5, NULL, 'Nikol', 'VH', 1, '2021-03-18 11:04:47', '2021-03-18 11:04:47', 0),
(406, NULL, '', '', NULL, 0, 0, NULL, '12', 'VH', 1, '2021-03-18 11:05:47', '2021-03-18 11:05:47', 1),
(407, NULL, 'Whiskey', '', '2122', 12, 1212, 'NULL', '12', 'OTHER', 1, '2021-03-18 11:05:55', '2021-03-18 11:07:18', 0),
(408, NULL, 'Cereal', '', '212', 12, 121, NULL, '12', 'OFC', 1, '2021-03-18 11:06:00', '2021-03-18 11:06:00', 0),
(409, NULL, 'Salad', '', '12', 12, 12, 'NULL', '12', 'OFC', 1, '2021-03-18 11:06:09', '2021-03-18 11:06:21', 0),
(410, NULL, 'Whiskey', '', '5', 5, 5, NULL, 'Nikol', 'PM', 1, '2021-03-18 11:07:40', '2021-03-18 11:07:40', 0),
(411, NULL, 'Vinegar', '', '6', 265, 65, 'NULL', 'Nikol', 'PM', 1, '2021-03-18 11:07:58', '2021-03-18 11:08:31', 0),
(412, NULL, 'Play-Dough', '', '5', 5, 56, NULL, 'Nikol', 'VH', 1, '2021-03-18 11:08:09', '2021-03-18 11:08:09', 0),
(413, NULL, 'Cosmetics', '', '5', 4, 5, NULL, 'Nikol', 'VH', 1, '2021-03-18 11:08:19', '2021-03-18 11:08:19', 0),
(414, NULL, '', '', NULL, 0, 0, NULL, 'ggg', 'PM', 1, '2021-03-18 11:08:45', '2021-03-18 11:08:45', 1),
(416, NULL, 'Beer', '', '5', 5, 5, 'NULL', 'ggg', 'VH', 1, '2021-03-18 11:09:03', '2021-03-18 11:10:37', 0),
(417, NULL, 'Soup-Mixes', '', '5', 5, 5, NULL, 'ggg', 'VH', 1, '2021-03-18 11:09:13', '2021-03-18 11:09:13', 0),
(418, NULL, 'Cereal', '', '2', 2, 2, NULL, 'ggg', 'VH', 1, '2021-03-18 11:09:21', '2021-03-18 11:09:21', 0),
(419, NULL, 'Beer', '', '2', 2, 2, NULL, 'ggg', 'VH', 1, '2021-03-18 11:09:30', '2021-03-18 11:09:30', 0),
(420, NULL, '', '', NULL, 0, 0, NULL, 'fff', 'PM', 1, '2021-03-18 11:10:48', '2021-03-18 11:10:48', 1),
(421, NULL, 'Beer', '', '2', 5, 5, 'NULL', 'fff', 'VH', 1, '2021-03-18 11:11:02', '2021-03-18 11:12:46', 0),
(422, NULL, 'Beer', '', '1', 5, 1, 'NULL', 'fff', 'VH', 1, '2021-03-18 11:11:12', '2021-03-18 11:12:56', 0),
(423, NULL, '', '', NULL, 0, 0, NULL, 'ggg', 'VH', 1, '2021-03-18 11:13:03', '2021-03-18 11:13:03', 1),
(424, NULL, 'Soup-Mixes', '', '5', 5, 5, NULL, 'ggg', 'PM', 1, '2021-03-18 11:14:08', '2021-03-18 11:14:08', 0),
(425, NULL, 'Cake-Mix', '', '5', 5, 5, 'NULL', 'ggg', 'PM', 1, '2021-03-18 11:14:25', '2021-03-18 11:16:01', 0),
(426, NULL, 'Cosmetics', '', '6', 6, 6, 'NULL', 'ggg', 'PM', 1, '2021-03-18 11:14:32', '2021-03-18 11:16:30', 0),
(427, NULL, '', '', NULL, 0, 0, NULL, '12', 'PM', 1, '2021-03-18 11:15:45', '2021-03-18 11:15:45', 1),
(428, NULL, '', '', NULL, 0, 0, NULL, '25', 'VH', 1, '2021-03-18 11:16:47', '2021-03-18 11:16:47', 1),
(429, NULL, 'Cake-Mix', '', '6', 5, 5, 'NULL', '36', 'PM', 1, '2021-03-18 11:16:57', '2021-03-18 11:17:51', 0),
(430, NULL, 'Vinegar', '', '5', 5, 5, NULL, '25', 'PM', 1, '2021-03-18 11:17:04', '2021-03-18 11:17:04', 0),
(431, NULL, 'Cake-Mix', '', '6', 6, 6, NULL, '25', 'PM', 1, '2021-03-18 11:17:18', '2021-03-18 11:17:18', 0),
(432, NULL, 'Vinegar', '', '5', 4, 5, NULL, '5826', 'PM', 1, '2021-03-18 11:18:18', '2021-03-18 11:18:18', 0),
(433, NULL, '', '', NULL, 0, 0, NULL, '5826', 'VH', 1, '2021-03-18 11:18:24', '2021-03-18 11:18:24', 1),
(434, NULL, 'Mustard', '', '9', 9, 9, 'NULL', '88', 'OFC', 1, '2021-03-18 11:18:35', '2021-03-18 11:19:18', 0),
(435, NULL, 'Cereal', '', '5', 5, 5, NULL, '5826', 'OFC', 1, '2021-03-18 11:18:42', '2021-03-18 11:18:42', 0),
(436, NULL, 'Cosmetics', '', '5', 5, 5, NULL, '5826', 'OFC', 1, '2021-03-18 11:18:48', '2021-03-18 11:18:48', 0),
(437, NULL, '', '', NULL, 0, 0, NULL, '965', 'OFC', 1, '2021-03-18 11:19:53', '2021-03-18 11:19:53', 1),
(438, NULL, 'Vitamins', '', '569', 89, 56, 'NULL', '965', 'PM', 1, '2021-03-18 11:20:04', '2021-03-18 11:20:38', 0),
(439, NULL, 'Vinegar', '', '9', 5, 5, 'NULL', '85', 'PM', 1, '2021-03-18 11:20:11', '2021-03-18 11:21:41', 0),
(440, NULL, 'Beer', '', '6', 65, 6, NULL, '965', 'PM', 1, '2021-03-18 11:20:19', '2021-03-18 11:20:19', 0),
(442, NULL, '', '', NULL, 0, 0, NULL, 'Nikol', 'VH', 1, '2021-03-18 11:22:12', '2021-03-18 11:22:12', 1),
(443, NULL, 'Cake-Mix', '', '8', 8, 8, 'NULL', 'ww', 'PM', 1, '2021-03-18 11:22:21', '2021-03-18 11:23:45', 0),
(444, NULL, 'Soup-Mixes', '', '5', 5, 5, NULL, 'Nikol', 'PM', 1, '2021-03-18 11:22:29', '2021-03-18 11:22:29', 0),
(445, NULL, 'Mustard', '', '5', 25, 5, NULL, 'Nikol', 'PM', 1, '2021-03-18 11:22:36', '2021-03-18 11:22:36', 0),
(446, NULL, '', '', NULL, 0, 0, NULL, 'sss', 'PM', 1, '2021-03-18 11:25:55', '2021-03-18 11:25:55', 1),
(447, NULL, 'Cake-Mix', '', '4', 4, 4, NULL, 'aa', 'VH', 1, '2021-03-18 11:26:10', '2021-03-18 11:26:10', 0),
(448, NULL, 'Barley', '', '54', 5845, 5, NULL, 'aa', 'VH', 1, '2021-03-18 11:26:18', '2021-03-18 11:26:18', 0),
(449, NULL, 'Cake-Mix', '', '10', 10, 10, 'NULL', 'aa', 'VH', 1, '2021-03-18 11:26:25', '2021-03-18 11:26:44', 0),
(450, NULL, '', '', NULL, 0, 0, NULL, 'dd', 'PM', 1, '2021-03-18 11:27:56', '2021-03-18 11:27:56', 1),
(451, NULL, 'Flour', '', '78', 8, 8, 'NULL', 'qq', 'VH', 1, '2021-03-18 11:28:05', '2021-03-18 11:28:57', 0),
(452, NULL, 'Sauces', '', '5', 8, 8, NULL, 'dd', 'VH', 1, '2021-03-18 11:28:13', '2021-03-18 11:28:13', 0),
(453, NULL, 'Whiskey', '', '5', 52, 5, NULL, 'dd', 'VH', 1, '2021-03-18 11:28:19', '2021-03-18 11:28:19', 0),
(488, NULL, '', '', NULL, 0, 0, NULL, '88', 'PM', 1, '2021-03-18 12:03:33', '2021-03-18 12:03:33', 1),
(489, NULL, 'Vinegar', '', '6', 23, 3, 'NULL', '88', 'VH', 1, '2021-03-18 12:03:48', '2021-03-18 12:04:45', 0),
(490, NULL, 'Soup-Mixes', '', '2', 52, 25, NULL, '88', 'VH', 1, '2021-03-18 12:03:59', '2021-03-18 12:03:59', 0),
(491, NULL, 'Barley', '', '6', 25, 3, NULL, '88', 'VH', 1, '2021-03-18 12:05:45', '2021-03-18 12:05:45', 0),
(492, NULL, 'Beer', '', '15', 55, 5, 'NULL', 'cc', 'VH', 1, '2021-03-18 12:12:26', '2021-03-18 12:20:45', 0),
(493, NULL, 'Soup-Mixes', '', '6', 2, 6, NULL, '44', 'VH', 1, '2021-03-18 12:12:35', '2021-03-18 12:12:35', 0),
(494, NULL, 'Soup-Mixes', '', '4', 4, 4, NULL, '44', 'VH', 1, '2021-03-18 12:12:55', '2021-03-18 12:12:55', 0),
(495, NULL, 'Beer', '', '8', 8, 8, NULL, '44', 'VH', 1, '2021-03-18 12:13:10', '2021-03-18 12:13:10', 0),
(496, NULL, 'Cake-Mix', '', '4', 4, 4, NULL, '44', 'VH', 1, '2021-03-18 12:21:57', '2021-03-18 12:21:57', 0),
(497, NULL, 'Barley', '', '5', 5, 5, NULL, '44', 'VH', 1, '2021-03-18 12:22:21', '2021-03-18 12:22:21', 0),
(498, NULL, '', '', NULL, 0, 0, NULL, '44', 'OFC', 1, '2021-03-18 12:22:42', '2021-03-18 12:22:42', 1),
(499, NULL, 'Play-Dough', '', '10', 99, 9, 'NULL', 'bb', 'PM', 1, '2021-03-18 12:23:16', '2021-03-18 12:24:53', 0),
(500, NULL, 'Pasta', '', '5', 78, 5, NULL, 'aa', 'PM', 1, '2021-03-18 12:23:26', '2021-03-18 12:23:26', 0),
(501, NULL, 'Cereal', '', '5', 49, 2, NULL, 'aa', 'PM', 1, '2021-03-18 12:23:37', '2021-03-18 12:23:37', 0),
(502, NULL, '', '', NULL, 0, 0, NULL, 'bb', 'VH', 1, '2021-03-18 12:25:27', '2021-03-18 12:25:27', 1),
(503, NULL, '', '', NULL, 0, 0, NULL, 'bb', 'OTHER', 1, '2021-03-18 12:25:35', '2021-03-18 12:25:35', 1),
(504, NULL, '', '', NULL, 0, 0, NULL, '12', 'OFC', 1, '2021-03-18 12:30:48', '2021-03-18 12:30:48', 1),
(505, NULL, '', '', NULL, 0, 0, NULL, '12', 'VH', 1, '2021-03-18 12:30:58', '2021-03-18 12:30:58', 1),
(506, NULL, '', '', NULL, 0, 0, NULL, '12', 'VH', 1, '2021-03-18 12:31:45', '2021-03-18 12:31:45', 1),
(507, NULL, 'Cereal', '', '21', 12, 121, NULL, '12', 'PM', 1, '2021-03-18 12:33:11', '2021-03-18 12:33:11', 0),
(510, NULL, '', '', NULL, 0, 0, NULL, '12', 'VH', 1, '2021-03-18 12:45:08', '2021-03-18 12:45:08', 1),
(511, NULL, 'Beer', '', '2', 12, 121, NULL, '12', 'OTHER', 1, '2021-03-18 12:45:29', '2021-03-18 12:45:29', 0),
(523, NULL, '', '', NULL, 0, 0, NULL, '', 'default', 1, '2021-03-18 13:02:20', '2021-03-18 13:02:20', 1),
(524, NULL, '', '', NULL, 0, 0, NULL, 'gg', 'PM', 1, '2021-03-18 13:02:26', '2021-03-18 13:02:26', 1),
(551, NULL, 'Vitamins', '', '6', 565, 65, NULL, 'aa', 'VH', 1, '2021-03-18 13:18:09', '2021-03-18 13:18:09', 0),
(566, NULL, 'Vitamins', '', 'kitchen closet', 22323, 12, NULL, '1104 E 2nd ST', 'PM', 1, '2021-03-18 14:43:03', '2021-03-18 14:43:03', 0),
(567, NULL, 'Barley', '', 'kitchen closet', 12, 1, NULL, '1104 E 2ND ST BROOKLYN, NY 11230-0000', 'PM', 1, '2021-03-18 14:44:16', '2021-03-18 14:44:16', 0),
(581, NULL, 'Whiskey', '', 'kitchen closet', 350, 10, NULL, '931 east 13th street', 'PM', 53, '2021-03-18 15:21:45', '2021-03-18 15:21:45', 0),
(582, NULL, 'Flour', '', 'kitchen shelf', 1, 1, NULL, '931 east 13th street', 'PM', 53, '2021-03-18 15:22:21', '2021-03-18 15:22:21', 0),
(583, NULL, 'Sauces', '', 'fridge', 20, 10, NULL, '931 east 13th street', 'PM', 53, '2021-03-18 15:23:16', '2021-03-18 15:23:16', 0),
(584, NULL, 'Other', '', 'kitchen closet / dishes /  pots / bosch machine / ', 500, 100, NULL, '931 east 13th street', 'PM', 53, '2021-03-18 15:25:09', '2021-03-18 15:25:09', 0),
(585, NULL, '', '', NULL, 0, 0, NULL, '95 tribeca circle unit 68', 'VH', 53, '2021-03-18 15:26:05', '2021-03-18 15:26:05', 1),
(586, NULL, '', '', NULL, 0, 0, NULL, '95 tribeca circle unit 68 fallsburg ny 12733', 'VH', 53, '2021-03-18 15:26:21', '2021-03-18 15:26:21', 1),
(589, NULL, 'Vitamins', '', 'Kitchen Cabinet', 50, 2, NULL, '1081 East 29th Street Brooklyn NY 11210', 'PM', 54, '2021-03-18 18:02:47', '2021-03-18 18:02:47', 0),
(590, NULL, 'Play-Dough', '', 'Basement Closets', 25, 1, NULL, '1081 East 29th Street Brooklyn NY 11210', 'PM', 54, '2021-03-18 18:03:11', '2021-03-18 18:03:11', 0),
(591, NULL, 'General Edible Items', '', 'Kitchen Cabinets, Refrigerator, Basement Closet, B', 200, 1, 'Other', '1081 East 29th Street Brooklyn NY 11210', 'PM', 54, '2021-03-18 18:04:14', '2021-03-18 18:04:14', 0),
(593, NULL, 'Alcoholic Beverages', '', 'Basement Closet and Basement Freezer', 125, 1, 'Other', '1081 East 29th Street Brooklyn NY 11210', 'PM', 54, '2021-03-18 18:07:17', '2021-03-18 18:07:17', 0),
(594, 235, 'Barley', '', 'pantry', 1, 1, NULL, '22 B Carnation Drive Lakewood NJ 08701', 'PM', 4, '2021-03-18 18:51:44', '2021-03-18 18:51:44', 0),
(595, 235, 'Beer', '', 'CLOSET', 21, 1, NULL, '22 B Carnation Drive Lakewood NJ 08701', 'PM', 4, '2021-03-18 18:51:44', '2021-03-18 18:51:44', 0),
(596, 235, 'Cosmetics', '', 'CLOSET', 2, 15, NULL, '22 B Carnation Drive Lakewood NJ 08701', 'PM', 4, '2021-03-18 18:51:44', '2021-03-18 18:51:44', 0),
(597, 235, 'Flour', '', 'CLOSET', 3, 2, NULL, '22 B Carnation Drive Lakewood NJ 08701', 'PM', 4, '2021-03-18 18:51:44', '2021-03-18 18:51:44', 0),
(598, 235, 'Ketchup', '', 'CLOSET', 2, 1, NULL, '22 B Carnation Drive Lakewood NJ 08701', 'PM', 4, '2021-03-18 18:51:44', '2021-03-18 18:51:44', 0),
(599, 235, 'Mayonnaise', '', 'CLOSET', 2, 2, NULL, '22 B Carnation Drive Lakewood NJ 08701', 'PM', 4, '2021-03-18 18:51:44', '2021-03-18 18:51:44', 0),
(600, 235, 'Medicine', '', 'CLOSET', 100, 1, NULL, '22 B Carnation Drive Lakewood NJ 08701', 'PM', 4, '2021-03-18 18:51:44', '2021-03-18 18:51:44', 0),
(601, 235, 'Mustard', '', 'CLOSET', 2, 2, NULL, '22 B Carnation Drive Lakewood NJ 08701', 'PM', 4, '2021-03-18 18:51:44', '2021-03-18 18:51:44', 0),
(602, 235, 'Vinegar', '', 'CLOSET', 2, 1, NULL, '22 B Carnation Drive Lakewood NJ 08701', 'PM', 4, '2021-03-18 18:51:44', '2021-03-18 18:51:44', 0),
(603, 235, 'Vitamins', '', 'CLOSET', 150, 1, NULL, '22 B Carnation Drive Lakewood NJ 08701', 'PM', 4, '2021-03-18 18:51:44', '2021-03-18 18:51:44', 0),
(604, 235, '', '', NULL, 0, 0, NULL, 'Castle Hill Cottages 30 Varnell Road #12 Monticello NY 12701', 'VH', 4, '2021-03-18 18:51:44', '2021-03-18 18:51:44', 0),
(605, 236, 'Condiments', '', 'kitchen closet', 250, 25, 'Other', '1104 E 2ND ST BROOKLYN, NY 11230-0000', 'PM', 55, '2021-03-18 20:29:42', '2021-03-18 20:31:00', 0),
(606, 236, 'Barley', '', 'kitchen closet', 10, 5, NULL, '1104 E 2ND ST BROOKLYN, NY 11230-0000', 'PM', 55, '2021-03-18 20:30:02', '2021-03-18 20:31:00', 0),
(607, 236, 'Cosmetics', '', 'Master bathroom closet', 200, 10, NULL, '1104 E 2ND ST BROOKLYN, NY 11230-0000', 'PM', 55, '2021-03-18 20:30:45', '2021-03-18 20:31:00', 0),
(608, NULL, '', '', NULL, 0, 0, NULL, '1903 Avenue I', 'PM', 56, '2021-03-18 23:37:13', '2021-03-18 23:37:13', 1),
(609, NULL, 'Barley', '', 'kitchen cabinets', 4, 6, NULL, '1903 Avenue I', 'PM', 56, '2021-03-18 23:39:07', '2021-03-18 23:39:07', 0),
(610, NULL, 'Cereal', '', 'kitchen cabinets', 25, 10, NULL, '1903 Avenue I', 'PM', 56, '2021-03-18 23:42:34', '2021-03-18 23:42:34', 0),
(611, NULL, 'Barley', '', 'kitchen closet', 5, 4, NULL, '1903 Ave I', 'PM', 56, '2021-03-18 23:49:15', '2021-03-18 23:49:15', 0),
(612, NULL, 'Cereal', '', 'kitchen closet', 30, 10, NULL, '1903 Ave I', 'PM', 56, '2021-03-18 23:49:48', '2021-03-18 23:49:48', 0),
(613, NULL, 'Flour', '', 'kitchen closet', 10, 2, NULL, '1903 Ave I', 'PM', 56, '2021-03-18 23:50:21', '2021-03-18 23:50:21', 0),
(614, NULL, 'Mustard', '', 'kitchen closet', 15, 6, NULL, '1903 Ave I', 'PM', 56, '2021-03-18 23:51:28', '2021-03-18 23:51:28', 0),
(616, 237, 'Pasta', '', 'kitchen closet', 20, 20, NULL, '1903 Ave I', 'PM', 56, '2021-03-18 23:53:24', '2021-03-19 00:04:53', 0),
(617, 237, 'Salad', '', 'kitchen closet', 5, 1, NULL, '1903 Ave I', 'PM', 56, '2021-03-18 23:54:40', '2021-03-19 00:04:53', 0),
(618, 237, 'Sauces', '', 'kitchen closet', 25, 9, NULL, '1903 Ave I', 'PM', 56, '2021-03-18 23:55:46', '2021-03-19 00:04:53', 0),
(619, 237, 'Vinegar', '', 'kitchen closet', 5, 3, NULL, '1903 Ave I', 'PM', 56, '2021-03-18 23:56:25', '2021-03-19 00:04:53', 0),
(620, 237, 'Vitamins', '', 'kitchen closet', 30, 3, NULL, '1903 Ave I', 'PM', 56, '2021-03-18 23:56:48', '2021-03-19 00:04:53', 0),
(621, 237, 'Whiskey', '', 'Dining Room Closet', 200, 4, NULL, '1903 Ave I', 'PM', 56, '2021-03-18 23:58:01', '2021-03-19 00:04:53', 0),
(622, 237, 'Yeast', '', 'kitchen closet', 3, 1, NULL, '1903 Ave I', 'PM', 56, '2021-03-18 23:58:25', '2021-03-19 00:04:53', 0),
(623, 237, 'Garage', '', 'The whole garage', 50, 1, 'Other', '1903 Ave I', 'PM', 56, '2021-03-18 23:59:31', '2021-03-19 00:04:53', 0),
(624, 237, 'BBQ Grill', '', 'Porch', 200, 1, 'Other', '1903 Ave I', 'PM', 56, '2021-03-18 23:59:55', '2021-03-19 00:04:53', 0),
(625, 237, 'Barley', '', 'kitchen closet', 5, 4, NULL, '1903 Ave I', 'PM', 56, '2021-03-19 00:00:25', '2021-03-19 00:04:53', 0),
(626, 237, 'Cereal', '', 'kitchen closet', 20, 10, NULL, '1903 Ave I', 'PM', 56, '2021-03-19 00:00:39', '2021-03-19 00:04:53', 0),
(627, 237, 'Flour', '', 'kitchen closet', 5, 1, NULL, '1903 Ave I', 'PM', 56, '2021-03-19 00:00:56', '2021-03-19 00:04:53', 0),
(628, 237, 'All taped and covered in plastic', '', 'entire house', 50, 10, 'Other', '1903 Ave I', 'PM', 56, '2021-03-19 00:01:52', '2021-03-19 00:04:53', 0),
(629, 237, 'Candy', '', 'in desk', 10, 1, 'Other', '1310 Ave Brooklyn NY 11230 Rm 102', 'OFC', 56, '2021-03-19 00:02:59', '2021-03-19 00:04:53', 0),
(630, 237, 'Candy', '', 'Closet and file cabinet', 10, 1, 'Other', '1310 Ave Brooklyn NY 11230 Rm 102', 'OFC', 56, '2021-03-19 00:03:30', '2021-03-19 00:04:53', 0),
(631, NULL, '', '', NULL, 0, 0, NULL, '846 EAST 14TH STREET', 'PM', 58, '2021-03-19 02:36:04', '2021-03-19 02:36:04', 1),
(632, 238, 'Barley', '', 'Marked Kitchen Cabinet', 2, 1, NULL, '846 EAST 14TH STREET', 'PM', 58, '2021-03-19 02:37:31', '2021-03-19 02:43:14', 0),
(633, 238, 'Cereal', '', 'Marked Kitchen Cabinet', 5, 2, NULL, '846 EAST 14TH STREET', 'PM', 58, '2021-03-19 02:38:00', '2021-03-19 02:43:14', 0),
(634, 238, 'Cosmetics', '', 'Marked Bathroom Cabinet', 50, 15, NULL, '846 EAST 14TH STREET', 'PM', 58, '2021-03-19 02:38:49', '2021-03-19 02:43:14', 0),
(635, 238, 'Ketchup', '', 'Marked Kitchen Cabinet', 5, 3, NULL, '846 EAST 14TH STREET', 'PM', 58, '2021-03-19 02:39:19', '2021-03-19 02:43:14', 0),
(636, 238, 'Medicine', '', 'Marked Kitchen & Bathroom Cabinet', 50, 10, NULL, '846 EAST 14TH STREET', 'PM', 58, '2021-03-19 02:40:17', '2021-03-19 02:43:14', 0),
(637, 238, 'Play-Dough', '', 'Marked Kitchen Cabinet, Basement Drawers', 6, 3, NULL, '846 EAST 14TH STREET', 'PM', 58, '2021-03-19 02:41:13', '2021-03-19 02:43:14', 0),
(638, 238, 'Sauces', '', 'Marked Kitchen Cabinet', 10, 5, NULL, '846 EAST 14TH STREET', 'PM', 58, '2021-03-19 02:41:41', '2021-03-19 02:43:14', 0),
(639, 239, 'Cereal', '', 'Basement', 3, 6, NULL, '1032 East 27th Street', 'PM', 57, '2021-03-19 02:42:01', '2021-03-19 03:01:14', 0),
(640, 238, 'Soup-Mixes', '', 'Marked Kitchen Cabinet', 5, 2, NULL, '846 EAST 14TH STREET', 'PM', 58, '2021-03-19 02:42:09', '2021-03-19 02:43:14', 0),
(641, 238, 'Vitamins', '', 'Marked Kitchen Cabinet', 40, 5, NULL, '846 EAST 14TH STREET', 'PM', 58, '2021-03-19 02:42:38', '2021-03-19 02:43:14', 0),
(642, 239, 'Ketchup', '', 'Basement', 3, 4, NULL, '1032 East 27th Street', 'PM', 57, '2021-03-19 02:42:51', '2021-03-19 03:01:14', 0),
(643, 238, 'Yeast', '', 'Marked Kitchen Cabinet', 4, 2, NULL, '846 EAST 14TH STREET', 'PM', 58, '2021-03-19 02:43:02', '2021-03-19 02:43:14', 0),
(644, 239, 'Pasta', '', 'Basement', 2, 5, NULL, '1032 East 27th Street', 'PM', 57, '2021-03-19 02:43:44', '2021-03-19 03:01:14', 0),
(645, 239, 'Soup-Mixes', '', 'Basement', 2, 13, NULL, '1032 East 27th Street', 'PM', 57, '2021-03-19 02:44:55', '2021-03-19 03:01:14', 0),
(646, 239, 'Cosmetics', '', 'Upstairs', 15, 15, NULL, '1032 East 27th Street', 'PM', 57, '2021-03-19 02:46:45', '2021-03-19 03:01:14', 0),
(647, 239, 'Mayonnaise', '', 'Basement and kitchen', 4, 2, NULL, '1032 East 27th Street', 'PM', 57, '2021-03-19 02:56:11', '2021-03-19 03:01:14', 0),
(648, 239, 'Medicine', '', 'Bathroom and main bedroom', 25, 5, NULL, '1032 East 27th Street', 'PM', 57, '2021-03-19 02:57:20', '2021-03-19 03:01:14', 0),
(649, 239, 'Mustard', '', 'Kitchen', 2, 2, NULL, '1032 East 27th Street', 'PM', 57, '2021-03-19 02:58:23', '2021-03-19 03:01:14', 0),
(650, 239, 'Oatmeal', '', 'Kitchen', 4, 1, NULL, '1032 East 27th Street', 'PM', 57, '2021-03-19 02:58:37', '2021-03-19 03:01:14', 0),
(651, 239, 'Sauces', '', 'Kitchen and basement', 3, 5, NULL, '1032 East 27th Street', 'PM', 57, '2021-03-19 02:59:18', '2021-03-19 03:01:14', 0),
(652, 239, 'Vinegar', '', 'Kitchen', 2, 1, NULL, '1032 East 27th Street', 'PM', 57, '2021-03-19 02:59:44', '2021-03-19 03:01:14', 0),
(653, 238, 'Any other Chometz ', '', 'All location marked \"sold\" in kitchen, dining room', 5, 1, 'Other', '846 EAST 14TH STREET', 'PM', 58, '2021-03-19 02:59:53', '2021-03-19 02:59:53', 0),
(654, 239, 'Vitamins', '', 'Kitchen', 30, 2, NULL, '1032 East 27th Street', 'PM', 57, '2021-03-19 03:00:26', '2021-03-19 03:01:14', 0),
(655, NULL, 'Whiskey', '', 'Dining room', 30, 2, NULL, '1032 East 27th Street', 'PM', 57, '2021-03-19 03:01:44', '2021-03-19 03:01:44', 0),
(656, NULL, 'Barbecue', '', 'Back deck', 400, 1, 'Other', '1032 East 27th Street', 'PM', 57, '2021-03-19 03:03:16', '2021-03-19 03:03:16', 0),
(657, NULL, '', '', NULL, 0, 0, NULL, '', 'default', 1, '2021-03-19 04:21:26', '2021-03-19 04:21:26', 1),
(658, NULL, '', '', NULL, 0, 0, NULL, 'sfgfggd', 'PM', 1, '2021-03-19 04:40:56', '2021-03-19 04:40:56', 1),
(659, NULL, 'Beer', '', '11', 12, 15, 'NULL', 'sfgfggddfgdfgweawea', 'PM', 1, '2021-03-19 04:41:09', '2021-03-19 04:42:38', 0);

-- --------------------------------------------------------

--
-- Table structure for table `order_master`
--

CREATE TABLE `order_master` (
  `ord_id` int(11) NOT NULL,
  `request_title` varchar(55) NOT NULL,
  `phone` char(10) DEFAULT NULL,
  `signature` text,
  `signature_attorney` text,
  `signature_contact` text,
  `contact_chk` tinyint(1) DEFAULT NULL,
  `attrny_chk` tinyint(1) DEFAULT NULL,
  `location` varchar(30) NOT NULL,
  `status` enum('0','1','2','3') NOT NULL,
  `created_by` int(11) NOT NULL,
  `created_date` datetime NOT NULL DEFAULT CURRENT_TIMESTAMP,
  `updated_date` datetime NOT NULL DEFAULT CURRENT_TIMESTAMP ON UPDATE CURRENT_TIMESTAMP
) ENGINE=InnoDB DEFAULT CHARSET=utf8mb4;

--
-- Dumping data for table `order_master`
--

INSERT INTO `order_master` (`ord_id`, `request_title`, `phone`, `signature`, `signature_attorney`, `signature_contact`, `contact_chk`, `attrny_chk`, `location`, `status`, `created_by`, `created_date`, `updated_date`) VALUES
(235, 'norman guttman', '3475980197', NULL, NULL, '6053a176d733c.jpeg', 1, 1, '22 B Carnation Drive Lakewood ', '2', 4, '2021-03-18 18:51:44', '2021-03-19 03:26:42'),
(236, 'CHAIM M POLLAK', '9175383871', NULL, '6053b883aeca5.jpeg', '6053b8835d14a.jpeg', NULL, NULL, '1104 E 2ND ST BROOKLYN, NY 112', '0', 55, '2021-03-18 20:31:00', '2021-03-18 20:31:00'),
(237, 'Mordechai klein', '7182538582', NULL, '6053eaa565b5c.jpeg', '6053eaa513ee5.jpeg', NULL, NULL, '1903 Ave I Brooklyn NY 11230', '0', 56, '2021-03-19 00:04:53', '2021-03-19 00:04:53'),
(238, 'Tovia Schwartz', '9172254521', NULL, '60540fc1a98ea.jpeg', '60540fc157fd6.jpeg', NULL, NULL, '846 EAST 14TH STREET', '0', 58, '2021-03-19 02:43:14', '2021-03-19 02:43:14'),
(239, 'Yossi Obermeister', '9176965109', NULL, '605413f9ea6bb.jpeg', '605413f99828a.jpeg', NULL, NULL, '1032 East 27th Street', '0', 57, '2021-03-19 03:01:14', '2021-03-19 03:01:14');

-- --------------------------------------------------------

--
-- Table structure for table `registration`
--

CREATE TABLE `registration` (
  `id` int(11) NOT NULL,
  `name` text NOT NULL,
  `phone` varchar(20) NOT NULL,
  `email` varchar(255) NOT NULL,
  `password` varchar(100) NOT NULL,
  `is_admin` tinyint(2) NOT NULL,
  `contract` varchar(3) DEFAULT NULL,
  `created_date` datetime NOT NULL DEFAULT CURRENT_TIMESTAMP,
  `updated_date` datetime NOT NULL DEFAULT CURRENT_TIMESTAMP ON UPDATE CURRENT_TIMESTAMP
) ENGINE=InnoDB DEFAULT CHARSET=utf8mb4;

--
-- Dumping data for table `registration`
--

INSERT INTO `registration` (`id`, `name`, `phone`, `email`, `password`, `is_admin`, `contract`, `created_date`, `updated_date`) VALUES
(1, 'admin', '6353185975', 'admin@gmail.com', 'e10adc3949ba59abbe56e057f20f883e', 1, NULL, '2021-03-01 03:05:17', '2021-03-01 03:05:17'),
(4, 'norman guttman', '9175206645', 'nmgutt@gmail.com', '7b1aeb7549e70bfb86af059e466fc6bd', 0, 'yes', '2021-03-04 12:44:12', '2021-03-16 21:21:50'),
(16, 'Yechezkel Rosenberg', '19172528000', 'yechezkelr@gmail.com', 'f7e21d3ef1f83534a04e46b47b5fe683', 0, NULL, '2021-03-17 02:54:34', '2021-03-17 02:54:34'),
(53, 'sol greenberg', '3473428184', 'sol@sterlinggroupny.com', '146ef61ad43a9029ded7634c85b6ba78', 0, NULL, '2021-03-18 15:20:35', '2021-03-18 15:20:35'),
(54, 'Yaakov Skovronsky', '17186771825', 'ycrs2014@yahoo.com', '70b4269b412a8af42b1f7b0d26eceff2', 0, NULL, '2021-03-18 18:01:10', '2021-03-18 18:01:10'),
(55, 'CHAIM M POLLAK', '9175383871', 'cmp1900@yahoo.com', 'e10adc3949ba59abbe56e057f20f883e', 0, NULL, '2021-03-18 20:27:45', '2021-03-18 20:27:45'),
(56, 'Mordechai klein', '7182538582', 'bowtiedfrumie@gmail.com', '865a4ec730cc0b5fe8c6dedf7ef36b03', 0, NULL, '2021-03-18 23:32:44', '2021-03-18 23:32:44'),
(57, 'Yossi Obermeister', '9176965109', 'yosaif28@aol.com', 'd9e856926a86d0283e6b16324bd962f2', 0, NULL, '2021-03-19 02:21:24', '2021-03-19 02:21:24'),
(58, 'Tovia Schwartz', '9172254521', 'schwartzgerald@gmail.com', '9b26af41ae6057670dbcb2ec0c867c8f', 0, NULL, '2021-03-19 02:33:48', '2021-03-19 02:33:48');

--
-- Indexes for dumped tables
--

--
-- Indexes for table `orderitem_image`
--
ALTER TABLE `orderitem_image`
  ADD PRIMARY KEY (`img_id`),
  ADD KEY `fk_orderitem` (`product_id`);

--
-- Indexes for table `order_item`
--
ALTER TABLE `order_item`
  ADD PRIMARY KEY (`item_id`),
  ADD KEY `fk_ordermaster` (`order_id`),
  ADD KEY `fk_registration` (`created_by`);

--
-- Indexes for table `order_master`
--
ALTER TABLE `order_master`
  ADD PRIMARY KEY (`ord_id`),
  ADD KEY `fk_order` (`created_by`);

--
-- Indexes for table `registration`
--
ALTER TABLE `registration`
  ADD PRIMARY KEY (`id`);

--
-- AUTO_INCREMENT for dumped tables
--

--
-- AUTO_INCREMENT for table `orderitem_image`
--
ALTER TABLE `orderitem_image`
  MODIFY `img_id` int(11) NOT NULL AUTO_INCREMENT, AUTO_INCREMENT=361;

--
-- AUTO_INCREMENT for table `order_item`
--
ALTER TABLE `order_item`
  MODIFY `item_id` int(11) NOT NULL AUTO_INCREMENT, AUTO_INCREMENT=660;

--
-- AUTO_INCREMENT for table `order_master`
--
ALTER TABLE `order_master`
  MODIFY `ord_id` int(11) NOT NULL AUTO_INCREMENT, AUTO_INCREMENT=240;

--
-- AUTO_INCREMENT for table `registration`
--
ALTER TABLE `registration`
  MODIFY `id` int(11) NOT NULL AUTO_INCREMENT, AUTO_INCREMENT=59;

--
-- Constraints for dumped tables
--

--
-- Constraints for table `orderitem_image`
--
ALTER TABLE `orderitem_image`
  ADD CONSTRAINT `fk_orderitem` FOREIGN KEY (`product_id`) REFERENCES `order_item` (`item_id`) ON DELETE CASCADE ON UPDATE CASCADE;

--
-- Constraints for table `order_item`
--
ALTER TABLE `order_item`
  ADD CONSTRAINT `fk_ordermaster` FOREIGN KEY (`order_id`) REFERENCES `order_master` (`ord_id`) ON DELETE CASCADE ON UPDATE CASCADE,
  ADD CONSTRAINT `fk_registration` FOREIGN KEY (`created_by`) REFERENCES `registration` (`id`) ON DELETE CASCADE ON UPDATE CASCADE;

--
-- Constraints for table `order_master`
--
ALTER TABLE `order_master`
  ADD CONSTRAINT `fk_order` FOREIGN KEY (`created_by`) REFERENCES `registration` (`id`) ON DELETE CASCADE ON UPDATE CASCADE;
COMMIT;

/*!40101 SET CHARACTER_SET_CLIENT=@OLD_CHARACTER_SET_CLIENT */;
/*!40101 SET CHARACTER_SET_RESULTS=@OLD_CHARACTER_SET_RESULTS */;
/*!40101 SET COLLATION_CONNECTION=@OLD_COLLATION_CONNECTION */;
